age,job,employment_duration,number_credits,other_debtors,personal_status_sex,foreign_worker,amount,status,duration,credit_history,people_liable,installment_rate,savings,telephone,property,purpose,other_installment_plans,housing,present_residence,credit_risk
29,3,3,1,1,3,2,6887,1,36,3,2,4,1,2,2,6,2,2,3,0
30,4,2,1,1,4,2,2063,2,6,2,2,4,1,2,3,3,3,1,3,1
53,4,1,1,1,2,2,7485,4,30,1,2,4,5,2,1,1,1,2,1,0
23,2,2,1,1,2,2,976,1,18,2,2,1,1,1,3,0,3,2,2,0
39,2,4,1,1,3,2,1037,2,12,2,2,3,2,1,1,9,3,2,4,1
48,3,3,2,1,3,2,1082,1,12,0,2,4,1,1,3,0,1,2,4,0
23,3,2,1,1,3,2,1444,2,15,2,2,4,5,1,2,3,3,2,1,1
58,2,5,1,3,2,2,1755,1,24,2,2,4,1,2,1,10,3,2,4,1
29,1,2,1,1,2,2,3990,2,36,1,2,3,5,1,4,4,1,2,2,1
29,3,3,2,2,2,2,3499,1,12,4,2,3,1,1,1,0,3,2,2,0
23,3,2,1,1,2,2,448,1,6,2,2,4,1,1,2,6,3,2,4,0
21,3,3,1,2,2,2,3441,2,30,2,2,2,2,1,3,2,1,1,4,0
24,3,5,2,1,3,2,4605,1,48,0,1,3,1,1,4,1,3,3,4,0
31,3,5,2,1,4,2,6148,2,20,0,2,3,2,2,3,1,1,2,4,1
23,3,4,2,1,2,2,1442,1,24,2,2,4,1,1,3,0,3,1,4,0
36,3,5,2,1,3,2,6304,4,36,4,2,4,5,1,1,9,3,2,4,1
21,2,3,1,1,3,2,1987,1,24,2,1,2,1,1,1,3,3,1,4,0
44,2,3,1,1,3,2,6204,2,18,3,1,2,1,2,1,5,3,2,4,1
47,2,5,2,1,3,2,2538,4,24,3,1,4,1,1,3,0,3,2,4,0
51,3,4,1,1,3,2,4771,2,11,3,2,2,1,1,2,3,3,2,4,1
35,3,5,1,1,4,2,1410,2,14,2,2,1,3,2,1,9,3,2,2,1
35,3,5,2,1,3,2,691,1,12,4,2,4,1,1,2,0,3,2,3,0
31,3,5,1,1,3,2,3430,4,24,2,1,3,3,2,3,3,3,2,2,1
63,3,3,1,3,3,2,2924,1,24,2,1,3,1,2,4,1,1,2,4,1
48,3,5,4,1,3,2,5190,4,27,2,1,4,5,2,2,5,3,2,4,1
37,3,3,1,1,3,2,12389,2,36,2,2,1,5,2,4,0,1,3,4,0
23,3,4,2,1,2,2,1553,2,24,3,2,3,2,2,2,3,3,1,2,1
30,4,5,2,1,3,2,5965,2,27,3,2,1,1,2,3,1,3,2,2,1
40,3,3,1,1,3,2,3777,4,24,4,2,4,4,2,1,2,3,2,4,1
34,2,3,1,1,3,2,2864,3,18,2,1,2,1,1,1,2,3,2,1,0
27,3,3,1,1,3,2,1657,1,12,2,2,2,1,1,1,2,3,2,2,1
24,3,3,1,1,3,2,458,2,9,2,2,4,1,1,1,3,3,2,3,1
26,2,2,1,1,4,1,590,2,6,2,2,3,1,1,1,3,3,2,3,1
75,4,1,1,1,2,2,1374,1,6,2,2,4,5,2,2,0,3,2,3,1
21,3,4,1,1,2,2,10144,4,60,2,2,2,2,2,1,3,3,2,4,1
33,3,2,1,1,4,2,1474,4,24,2,2,4,2,2,1,0,3,2,3,1
24,3,3,1,1,2,2,935,4,6,3,2,3,1,1,1,3,3,2,2,1
57,4,5,1,1,3,2,14318,2,36,2,2,4,1,2,4,0,3,3,2,0
44,3,2,1,1,3,2,1804,2,12,4,2,3,2,1,2,1,3,2,4,1
46,3,5,2,1,1,2,1223,2,12,2,2,1,1,1,1,0,3,1,1,0
27,3,3,2,1,2,2,1237,4,6,4,2,1,2,1,2,3,3,2,1,1
35,2,2,1,1,2,2,10722,1,47,2,2,1,1,2,1,0,3,2,1,1
49,2,5,1,1,1,2,1262,1,12,2,2,2,5,2,2,2,3,2,4,1
28,4,2,1,1,4,2,9398,2,36,2,2,1,1,2,3,1,3,1,4,0
31,4,4,1,1,3,2,8947,4,36,3,1,3,5,2,3,1,2,2,2,1
31,3,3,1,1,3,2,6110,4,48,4,2,1,1,2,4,6,1,3,3,1
36,2,3,1,1,3,2,1374,1,6,2,2,1,1,2,1,2,1,2,2,1
36,3,5,1,2,3,2,7297,1,60,2,2,4,1,1,4,9,3,1,4,0
41,4,5,2,1,2,2,3868,4,24,4,2,4,1,2,3,1,3,1,2,1
21,3,3,1,1,2,2,2570,4,27,2,2,3,1,1,1,0,3,1,3,0
31,3,3,1,1,2,2,6758,1,48,2,2,3,1,2,3,3,3,2,2,0
30,4,3,1,1,3,2,11054,4,36,4,2,4,5,2,3,1,3,2,2,1
38,2,3,2,1,3,1,2171,1,12,4,2,4,1,1,2,0,1,2,4,1
31,2,2,1,1,1,2,3108,1,30,2,2,2,1,1,2,2,3,2,4,0
57,2,1,3,1,2,2,1154,4,11,4,2,4,2,1,1,3,3,2,4,1
30,3,3,2,1,3,2,2121,1,12,4,2,4,1,1,2,0,3,2,2,1
27,3,4,1,1,2,2,2930,2,12,2,2,2,1,1,1,3,3,2,1,1
39,4,4,1,1,3,2,3249,1,36,2,1,2,1,2,4,0,1,3,4,1
40,3,4,1,1,2,2,3001,2,18,2,2,2,1,1,1,2,3,1,4,1
34,3,3,2,1,3,2,5800,2,36,4,2,3,1,2,3,1,3,2,4,1
37,3,3,1,3,3,2,3620,1,36,2,1,1,1,1,2,2,3,2,2,1
27,3,1,1,1,3,2,4576,2,45,4,2,3,2,1,3,1,3,2,4,1
43,3,5,3,1,3,2,1935,4,12,4,2,4,1,2,1,2,3,2,4,1
28,3,4,3,1,4,2,939,3,12,4,2,4,3,2,1,0,3,2,2,0
27,3,2,1,1,3,2,1995,2,12,4,2,4,2,1,3,0,3,2,1,1
23,2,3,1,1,3,2,1048,2,10,1,2,4,1,1,1,3,2,2,4,1
34,3,3,2,1,2,2,4454,4,36,3,2,4,1,1,1,3,3,2,4,1
39,3,4,3,1,3,2,10297,1,48,2,1,4,1,2,4,1,3,3,4,0
36,4,4,1,1,1,2,2366,2,12,4,2,3,3,2,3,0,3,2,3,1
27,3,3,2,1,2,2,1185,4,12,4,2,3,1,1,1,9,3,2,2,1
26,2,3,2,1,3,2,4272,4,30,3,2,2,2,1,2,9,3,2,2,1
22,3,4,1,1,2,2,1808,4,18,3,2,4,1,1,1,2,3,2,1,0
30,3,2,1,1,3,2,3349,1,24,1,1,4,3,2,4,2,3,3,4,0
23,3,2,2,1,2,2,2146,4,10,4,2,1,1,1,1,2,3,1,3,1
27,4,3,1,1,3,2,3416,1,27,2,2,3,1,1,3,3,3,2,2,1
20,4,3,1,1,3,2,1107,1,12,2,1,2,1,2,1,3,3,1,2,1
41,2,2,1,1,3,2,2580,4,21,3,1,4,3,1,1,9,1,2,2,0
24,3,3,1,1,3,2,5848,3,36,2,2,4,1,1,3,3,3,2,1,1
26,3,3,1,1,3,2,8229,1,36,2,1,2,1,1,2,1,3,2,2,0
44,3,3,1,1,3,2,2647,1,6,2,1,2,3,1,1,3,3,1,3,1
50,3,5,2,1,3,2,2241,4,21,2,2,4,1,1,1,2,3,2,2,1
33,3,3,2,3,4,1,2235,1,20,4,2,4,1,1,2,0,1,1,2,0
29,1,1,2,2,2,2,1193,1,24,1,2,1,1,1,4,0,3,1,4,0
19,2,2,1,1,2,2,983,2,12,2,2,1,4,1,1,2,3,1,4,1
41,2,5,1,1,3,2,888,2,12,2,1,4,1,1,3,0,1,2,4,0
26,3,3,1,1,2,2,763,4,12,2,2,4,1,2,1,2,3,2,1,1
22,3,3,1,1,3,2,2828,1,24,1,2,4,3,2,1,2,2,2,4,1
31,3,2,1,1,2,2,2901,4,10,2,2,1,5,1,1,1,3,1,4,1
45,2,5,1,2,3,1,1287,4,10,2,2,4,5,1,2,0,3,2,2,1
23,3,4,1,1,2,2,2406,1,30,2,2,4,1,1,1,2,3,1,4,0
61,4,5,1,1,3,2,1953,2,36,0,2,4,1,2,4,9,3,3,4,0
27,3,3,1,1,3,2,5998,1,40,4,2,4,1,2,4,6,1,2,3,0
42,3,3,1,1,2,2,3804,2,36,0,2,4,1,2,3,3,3,2,1,0
28,3,2,1,1,2,2,4113,2,24,2,2,3,3,1,3,1,3,1,4,0
28,3,5,3,1,3,2,3617,2,12,4,2,1,1,2,3,2,3,1,4,1
51,3,5,1,1,1,2,2892,3,24,2,2,3,1,1,4,2,3,3,4,1
27,2,2,2,1,4,2,937,4,24,2,2,4,1,1,3,8,3,2,3,1
36,3,4,2,1,3,2,1262,4,15,2,2,4,3,2,2,4,3,2,3,1
23,3,2,2,3,3,2,882,2,13,4,2,4,1,1,1,3,3,2,4,1
49,2,3,1,1,1,2,640,4,12,2,2,4,1,1,1,0,3,2,2,1
49,3,4,1,1,3,2,8386,2,30,4,2,2,1,1,2,2,3,2,2,0
30,3,4,1,1,3,2,3566,2,48,1,2,4,2,1,3,9,3,2,2,1
22,3,2,1,1,2,2,1670,2,9,2,2,4,1,2,3,3,3,2,2,0
38,3,5,2,1,2,2,1240,4,12,4,2,4,5,2,1,3,3,2,2,1
22,3,3,1,1,2,2,1567,2,12,2,2,1,1,2,3,3,3,2,1,1
43,3,5,1,3,3,1,2625,1,16,4,2,2,1,2,2,0,3,1,4,0
23,1,1,1,1,2,2,1352,1,6,2,2,1,3,2,2,1,3,1,2,1
22,3,3,1,1,3,2,2483,1,24,1,2,4,3,2,1,2,2,2,4,1
34,3,5,2,1,3,2,2759,4,12,0,2,2,1,1,2,2,3,2,4,1
27,3,3,1,1,3,2,2326,2,15,4,2,2,3,1,3,9,1,2,4,1
34,4,2,1,1,2,2,3017,2,12,2,2,3,1,1,1,2,3,1,1,1
27,3,2,1,1,2,2,343,1,6,2,2,4,1,1,1,4,3,2,1,1
43,3,5,1,1,3,2,1203,1,6,2,2,3,2,2,2,0,3,2,2,1
27,3,2,1,1,2,2,1924,2,18,2,2,4,5,1,1,2,3,1,3,0
55,4,1,1,1,3,2,9283,2,42,1,2,1,1,2,4,1,1,3,2,1
25,3,2,3,1,3,2,8072,1,30,0,2,2,5,1,3,9,1,2,3,1
41,2,3,2,1,2,2,250,4,6,4,2,2,4,1,1,0,1,2,2,1
20,3,5,2,2,3,2,3617,3,24,4,2,4,5,1,4,2,3,1,4,1
30,3,5,1,1,3,2,2862,2,36,3,2,4,2,1,4,0,3,3,3,1
24,3,4,1,1,2,2,8487,2,48,2,2,1,5,1,3,0,3,2,2,1
27,3,2,2,2,2,1,2132,1,10,4,2,2,5,1,1,2,3,1,3,1
45,2,3,1,1,3,2,4006,1,28,2,2,3,1,1,3,0,3,2,2,0
46,3,5,2,1,3,1,1343,3,6,4,1,1,1,1,1,0,3,2,4,1
38,1,1,1,1,2,2,926,4,12,4,2,1,1,1,2,0,3,2,2,1
35,4,2,2,1,1,2,3780,4,18,4,2,3,1,2,3,2,3,2,2,1
37,3,3,3,1,3,2,3676,1,6,4,1,1,1,1,1,0,3,1,3,1
42,3,3,1,2,3,2,4153,1,18,2,2,2,1,1,3,2,3,2,3,0
36,3,5,1,1,3,2,846,4,7,3,2,3,5,1,4,3,3,3,4,1
32,3,2,1,1,3,2,4594,4,18,2,2,3,1,2,3,3,3,2,2,1
64,3,1,1,1,2,2,1409,4,13,2,2,2,2,1,1,3,3,2,4,1
39,3,5,1,1,2,2,1188,2,21,2,1,2,1,1,2,9,3,2,4,0
41,3,4,2,1,3,2,3979,2,48,2,1,4,5,2,3,3,3,2,1,1
34,3,4,2,1,3,2,2825,2,24,4,1,4,5,2,4,9,3,2,3,1
64,3,3,1,3,2,2,753,2,6,2,2,2,1,1,1,3,3,2,3,1
24,1,1,1,1,2,2,7472,2,12,2,2,1,5,1,1,0,3,1,2,1
53,3,3,2,1,3,2,7119,1,48,0,1,3,1,1,4,2,3,3,4,0
22,3,3,1,1,4,2,1007,2,12,2,2,4,4,1,1,0,3,2,1,1
35,3,3,1,1,2,2,1381,1,24,2,2,4,5,1,2,0,3,2,2,0
37,2,2,1,1,2,2,1274,1,12,2,2,3,1,1,1,0,1,2,1,0
35,1,2,1,1,3,2,1549,2,9,2,2,4,5,1,1,0,3,2,2,1
24,2,2,1,2,3,1,1747,1,24,2,2,4,1,1,2,2,3,2,1,1
36,3,5,1,1,3,2,2337,2,36,4,2,4,1,1,1,3,3,2,4,1
31,3,3,2,1,2,2,9566,4,36,4,2,2,1,1,3,3,2,2,2,1
26,3,2,2,1,3,2,3414,1,21,3,2,2,1,1,2,6,2,2,1,0
28,3,5,2,1,1,2,1323,3,6,4,1,2,2,2,3,0,3,2,4,1
23,4,3,2,1,2,2,11560,2,24,2,2,1,1,1,3,1,3,1,4,0
55,3,5,2,1,3,2,1555,4,12,3,1,4,4,1,4,5,3,3,4,0
60,3,5,2,1,3,2,2246,1,12,4,2,3,1,1,2,2,3,2,3,0
70,4,1,1,1,3,2,7308,2,10,2,2,2,1,2,4,0,1,3,4,1
36,3,4,2,1,3,2,6742,4,30,4,2,2,5,1,2,3,3,2,3,1
54,3,5,1,1,3,2,1318,2,12,2,2,4,4,2,1,0,3,2,4,1
46,3,3,2,1,3,2,1149,4,18,4,2,4,4,1,1,3,3,2,3,1
35,3,3,2,1,3,2,4151,4,24,3,2,2,2,1,2,2,3,2,3,1
31,3,3,2,1,3,2,3148,3,24,4,2,3,5,2,3,3,3,2,2,1
27,3,2,2,1,3,2,7980,4,36,3,2,4,5,2,3,9,3,1,4,0
40,4,5,1,1,3,2,1358,1,24,1,2,4,5,2,3,10,2,2,3,0
36,3,5,1,1,3,2,2872,4,24,4,1,3,2,2,1,3,3,2,4,1
66,4,5,1,1,3,2,1908,3,30,3,2,4,1,2,1,9,3,2,4,0
23,3,2,1,1,4,2,1534,2,12,2,2,1,1,1,1,3,3,1,1,0
38,3,5,1,1,3,2,804,4,12,2,2,4,1,1,3,3,3,2,4,1
34,4,1,2,1,3,2,1860,2,12,4,2,4,1,2,3,1,3,2,2,1
21,2,3,1,3,3,2,1289,1,12,2,2,4,1,1,2,2,3,2,1,1
20,3,2,1,1,2,2,1577,2,11,2,2,4,4,1,1,2,3,2,1,1
42,3,5,1,1,3,2,1346,4,6,2,1,2,2,2,4,3,1,3,4,1
54,3,5,2,1,4,2,717,4,24,3,2,4,5,2,3,0,3,2,4,1
64,3,3,1,1,2,2,1364,4,10,2,2,2,1,2,3,0,3,2,4,1
65,3,3,2,1,3,2,2600,1,18,2,2,4,1,1,4,3,3,3,4,0
28,3,3,2,1,4,2,1887,2,18,4,2,4,5,1,1,9,1,2,4,1
35,3,5,1,1,2,2,5324,4,15,2,2,1,3,1,4,0,3,3,4,1
25,3,3,1,1,3,2,2136,1,9,2,2,3,1,1,1,2,3,2,2,1
26,3,4,1,1,3,2,4788,1,48,2,1,4,1,1,2,1,3,2,3,1
26,3,3,1,1,2,2,1715,2,30,2,2,4,5,1,3,3,3,2,1,1
34,3,4,1,1,2,2,1525,4,24,2,1,4,4,2,3,0,3,2,3,1
33,2,5,1,1,2,2,797,4,12,4,1,4,5,1,2,3,3,2,3,0
40,1,1,1,1,3,2,5381,2,48,2,2,3,5,2,4,10,1,3,4,1
25,3,3,1,1,2,2,2394,4,36,2,2,4,5,1,3,3,3,2,4,1
36,4,1,1,2,3,2,12169,2,48,1,2,4,5,2,4,0,3,3,4,1
29,3,2,1,1,2,2,2171,4,12,2,2,2,1,1,3,3,1,2,2,1
60,2,5,2,1,3,2,1199,1,24,4,2,4,1,1,3,0,3,2,4,0
20,3,3,1,1,2,2,2221,4,15,2,2,2,3,1,3,2,3,1,4,1
27,4,4,1,1,3,2,14027,2,60,2,2,4,1,2,4,0,3,2,2,0
29,2,2,1,1,3,1,1494,3,4,2,1,1,5,1,1,0,3,2,2,1
41,3,5,1,1,3,2,6361,2,18,4,2,2,1,2,4,2,3,2,1,1
27,3,4,2,1,4,2,2463,4,24,4,2,4,2,2,2,0,3,2,3,1
26,1,2,2,1,2,2,1778,2,15,0,2,2,1,1,1,0,3,1,1,0
62,3,3,1,1,1,2,1338,4,6,2,2,1,3,1,1,4,3,2,4,1
27,2,3,1,1,3,2,7418,2,60,3,2,1,5,1,1,3,3,2,1,1
26,3,5,2,1,3,2,1934,4,12,4,2,2,1,1,4,3,3,2,2,1
54,3,5,1,1,3,2,1409,1,12,4,2,4,1,1,1,1,3,2,3,1
35,3,3,1,3,3,1,2576,2,7,2,2,2,1,1,1,3,3,2,2,1
61,3,3,2,1,4,2,1512,2,15,3,2,3,4,1,2,5,2,2,3,0
30,3,5,2,3,3,2,1056,2,18,4,2,3,1,1,1,0,3,2,3,0
41,2,5,1,1,3,2,719,4,12,2,1,4,1,1,3,6,1,2,4,0
27,3,4,2,1,3,2,1347,3,10,4,2,4,5,2,2,3,3,2,2,1
22,3,3,1,3,3,2,1514,2,15,2,2,4,2,1,1,5,3,2,2,1
26,1,2,1,1,2,2,609,3,12,1,2,4,1,1,1,9,1,2,1,0
35,3,2,1,1,2,2,2439,1,24,2,2,4,1,2,1,3,3,2,4,0
29,3,3,1,1,2,2,959,2,9,2,2,1,1,1,3,2,1,2,2,0
27,4,3,1,1,3,2,9157,2,60,3,2,2,5,1,4,3,3,3,2,1
32,3,2,1,1,1,2,1938,1,24,2,2,4,1,1,2,3,3,2,3,0
36,4,1,1,1,3,2,1238,4,6,2,1,4,5,2,2,8,3,2,4,1
37,3,5,2,1,3,2,7409,4,36,2,2,3,5,1,2,9,3,2,2,1
31,3,5,1,1,3,2,4473,3,36,2,2,4,1,1,3,3,3,2,2,1
44,3,3,2,1,3,2,2375,4,24,3,1,4,3,2,3,9,3,2,2,1
25,3,2,2,1,3,2,3105,4,24,2,2,4,5,1,3,3,3,2,2,1
36,4,5,1,1,1,2,3235,4,24,2,2,3,3,2,3,3,3,2,2,1
25,3,3,2,1,2,2,2238,4,18,4,2,2,1,1,3,3,3,2,1,1
32,4,3,1,1,2,1,18424,2,48,0,2,1,1,2,2,10,1,2,2,0
25,3,3,2,1,1,2,975,1,15,4,2,2,1,1,2,2,3,2,3,1
31,3,4,2,1,3,2,2775,4,18,4,2,2,1,1,2,0,1,2,2,0
26,3,2,1,1,3,2,1201,2,24,2,2,4,1,1,2,0,3,2,1,1
42,4,5,1,1,3,2,10366,4,60,2,2,2,1,2,2,0,3,2,4,1
36,3,3,1,1,3,2,3079,4,36,2,2,4,5,1,1,0,3,2,4,1
25,3,5,1,1,2,2,2762,2,12,2,2,1,5,2,2,2,3,2,2,0
37,3,3,1,1,2,2,2022,4,24,4,2,4,1,2,3,0,3,2,4,1
40,3,4,2,1,2,2,7678,4,36,3,2,2,3,2,3,2,3,2,4,1
28,3,5,1,1,3,2,1068,2,6,2,1,4,1,1,3,3,3,2,4,1
47,2,3,2,1,4,2,1316,4,15,4,2,2,3,1,2,3,3,2,2,1
27,3,4,1,1,3,2,3552,1,24,1,2,3,1,1,3,2,1,2,4,0
37,2,4,2,1,3,2,1344,3,24,4,1,4,5,1,1,0,1,2,2,0
30,4,3,2,1,1,2,4455,2,36,3,2,2,1,2,1,9,2,2,2,0
27,3,3,2,1,3,2,5804,4,24,4,2,4,4,1,1,1,3,2,2,1
34,4,4,1,1,3,2,2910,1,24,2,2,2,1,2,4,1,3,3,1,1
27,3,3,1,1,2,2,3609,4,48,1,2,1,1,1,1,9,2,2,1,1
63,2,5,2,1,3,2,1655,4,12,4,2,2,1,2,1,3,3,2,4,1
42,3,5,1,1,2,2,5084,2,24,2,2,2,5,2,3,3,3,2,4,1
35,3,5,2,1,3,2,2397,4,24,2,2,3,3,2,3,3,1,2,2,0
34,4,2,2,1,3,2,1337,3,9,0,2,4,1,2,3,3,3,2,2,0
61,3,3,1,1,3,2,1239,2,18,2,2,4,5,1,4,6,3,3,4,1
31,3,5,2,1,1,2,1449,2,6,3,1,1,2,1,3,9,1,2,2,1
40,1,1,3,1,4,2,3590,2,18,4,1,3,1,2,3,9,3,2,3,1
20,3,4,1,1,2,2,3186,4,15,2,2,2,4,1,3,0,3,1,3,1
32,3,4,1,1,3,1,2662,4,18,2,2,4,5,1,2,0,3,2,3,1
28,2,2,2,1,3,2,1797,1,13,4,2,3,1,1,2,9,1,2,1,1
24,3,5,2,1,2,2,4272,1,20,4,2,1,1,1,2,2,3,2,4,1
36,3,4,1,1,1,2,1372,1,12,2,2,2,1,1,3,0,3,2,3,0
38,3,5,2,1,3,2,754,2,12,2,2,4,5,1,2,8,3,2,4,1
30,4,5,1,1,3,2,2333,4,30,2,2,4,3,1,3,3,1,2,2,1
48,3,2,1,1,4,2,1024,1,24,3,2,4,1,1,1,3,2,2,4,0
33,3,4,2,3,4,2,1851,4,24,4,2,4,1,2,3,3,3,2,2,1
31,4,4,2,1,3,2,1963,4,12,2,1,4,1,2,3,3,3,1,2,1
24,3,3,1,1,4,2,5595,2,72,2,2,2,2,1,3,3,3,2,2,0
33,3,3,2,1,1,2,2058,4,24,4,2,4,1,2,1,5,3,2,2,1
67,4,4,2,1,2,2,1199,2,9,2,2,4,1,2,2,6,3,2,4,1
28,3,4,1,1,3,2,2284,4,24,2,2,4,1,2,3,3,3,2,2,1
24,3,3,1,1,2,2,1237,2,8,2,2,3,1,1,1,2,3,2,4,0
26,3,2,1,1,2,2,3114,1,18,0,2,1,1,1,2,2,3,1,4,0
42,3,5,1,1,3,2,3331,4,12,4,2,2,1,1,2,2,2,2,4,1
26,3,2,1,1,2,2,9960,2,48,2,2,1,1,2,3,2,1,2,2,0
49,3,5,1,1,3,2,2964,1,24,2,1,4,5,2,4,1,1,3,4,1
23,3,2,1,1,2,2,1236,4,9,2,2,1,1,2,1,4,3,1,4,1
27,3,2,1,1,2,2,3123,1,24,2,2,4,1,1,2,0,3,2,1,0
36,3,5,1,1,3,2,884,2,18,4,1,4,1,2,3,0,3,2,4,0
26,3,3,1,1,3,2,4210,3,36,2,2,4,1,1,3,3,3,2,2,0
44,4,3,1,1,1,2,3384,1,6,4,2,1,1,2,1,2,3,1,4,0
47,3,5,1,1,2,2,1377,3,24,2,2,4,2,2,4,3,3,3,2,1
52,3,5,2,1,3,2,936,4,9,4,2,4,3,2,3,6,3,2,2,1
48,2,2,2,1,3,1,2241,1,10,4,1,1,1,1,1,0,3,1,3,1
32,3,2,1,1,2,2,2528,2,27,2,1,4,1,2,2,9,3,2,1,1
41,3,3,1,1,3,2,2116,3,6,2,2,2,1,2,1,2,3,2,2,1
35,3,5,2,1,3,2,976,4,12,4,2,4,5,1,3,3,3,2,4,1
37,2,2,2,1,3,2,3565,4,12,4,1,2,5,1,2,6,3,2,1,1
37,2,3,1,1,3,2,2118,2,9,2,1,2,1,1,1,3,3,2,2,1
35,2,3,1,1,3,2,4380,1,18,2,1,3,2,2,3,0,3,2,4,1
26,3,4,2,1,3,2,4370,1,42,3,1,3,1,2,2,3,1,2,2,0
28,3,3,2,1,2,2,1817,4,18,4,2,4,1,1,4,2,3,2,2,1
42,3,3,2,1,2,2,409,3,12,1,2,3,4,1,1,3,3,1,3,1
46,4,5,2,1,1,2,7629,4,48,4,1,4,5,1,3,9,1,2,2,1
24,3,2,1,1,2,2,433,2,6,1,1,4,4,1,2,6,1,1,2,0
26,3,2,1,1,3,2,1330,3,12,2,2,4,1,1,1,0,3,2,1,1
35,2,3,1,1,2,2,3447,4,12,1,1,4,3,1,1,8,3,2,3,1
38,3,5,1,1,3,2,368,2,6,2,2,4,5,1,2,3,3,2,4,1
32,3,3,1,1,3,2,2978,4,6,2,2,1,3,2,3,2,3,2,2,1
43,3,1,2,1,3,2,1333,1,24,3,1,4,1,1,1,0,3,3,2,0
35,2,3,2,1,3,2,2684,4,24,4,2,4,1,1,1,3,3,2,2,1
30,3,3,1,1,3,2,639,2,12,2,2,4,1,1,3,5,3,2,2,0
30,3,3,2,1,3,2,1224,4,9,4,2,3,1,1,1,0,3,2,1,1
31,3,4,1,1,3,2,929,4,24,2,2,4,5,2,3,2,2,2,2,1
42,3,3,2,1,2,2,1965,2,24,3,2,4,5,2,3,0,3,1,4,1
47,2,3,1,1,4,2,1217,1,18,2,2,4,1,2,1,4,3,2,3,0
49,2,4,1,1,3,2,1445,3,18,1,2,4,5,1,3,3,1,2,4,1
31,3,3,1,1,3,2,3651,1,12,2,1,1,4,1,2,0,3,2,3,1
65,1,1,2,2,3,2,3394,1,42,4,2,4,1,1,3,5,3,2,4,1
50,3,5,2,3,3,2,1537,2,15,4,2,4,5,2,1,3,3,2,4,1
34,4,5,2,1,3,2,6614,4,36,4,2,4,1,2,3,0,3,2,4,1
47,3,5,3,1,3,2,1393,4,12,2,1,4,1,2,2,6,1,2,4,1
22,3,4,1,1,3,2,1478,4,9,2,2,4,1,1,3,3,3,2,2,0
26,3,4,1,1,3,2,2687,3,15,2,2,2,1,2,2,9,3,1,4,1
44,3,2,2,1,2,2,5943,4,24,2,2,1,5,2,3,3,3,2,1,0
52,2,5,1,1,3,2,2315,1,10,2,2,3,1,1,1,3,3,2,4,1
35,3,4,2,1,3,2,2346,4,24,4,2,4,1,2,3,1,3,2,3,1
26,3,3,1,3,3,2,3518,4,6,2,2,2,1,1,2,0,3,1,3,1
26,3,2,1,1,2,2,3749,3,24,2,2,2,1,1,3,2,3,2,4,1
25,3,5,1,1,2,2,2991,2,30,2,2,2,5,1,3,3,3,2,4,1
36,3,3,2,1,3,2,3905,1,11,4,1,2,1,1,1,0,3,1,2,1
24,4,2,1,1,2,2,7408,2,60,2,2,4,2,1,2,0,3,2,2,0
32,3,4,2,1,3,2,2745,2,21,4,2,3,4,2,3,2,3,2,2,1
29,2,3,1,2,3,2,3590,1,12,2,1,2,1,1,2,2,3,2,2,1
45,4,2,1,1,3,2,3527,4,12,2,1,2,5,2,2,0,3,2,3,1
44,2,2,2,1,3,2,4716,1,6,4,1,1,5,1,1,0,3,2,3,1
22,2,2,2,1,2,2,1258,4,12,4,2,2,1,1,2,2,3,1,4,1
30,3,3,1,1,2,2,918,2,9,2,2,4,1,1,2,2,3,2,1,0
33,3,3,1,3,3,1,1414,2,8,2,2,4,1,1,1,3,3,2,2,1
26,4,1,1,1,2,2,5433,4,24,2,2,2,5,2,2,1,3,1,4,1
34,3,5,1,1,3,2,2578,4,24,4,2,2,4,1,3,3,3,2,2,1
41,2,2,1,1,3,2,662,1,6,2,1,3,1,2,1,0,3,2,4,1
44,3,5,2,1,3,2,5507,4,24,4,2,3,1,1,4,5,3,3,4,1
40,3,4,1,1,2,2,894,4,10,2,2,4,5,2,2,8,3,2,3,1
35,4,3,1,1,3,2,6948,2,36,2,2,2,1,2,3,1,3,1,2,1
32,3,3,2,1,3,2,701,4,12,4,2,4,1,1,3,6,3,2,2,1
51,3,5,1,1,3,2,7511,1,18,2,1,1,5,2,2,1,3,3,4,0
20,3,2,1,1,2,2,4675,4,12,2,2,1,5,1,3,1,3,1,4,1
48,4,3,1,1,3,2,12204,2,48,0,2,2,5,2,3,9,1,2,2,1
24,2,3,1,1,2,2,626,1,12,1,2,4,1,1,1,3,1,2,4,0
37,2,5,2,1,3,2,1082,2,9,2,2,4,1,1,3,3,3,2,4,1
26,3,4,2,1,3,2,5117,4,27,3,2,3,1,1,3,9,3,2,4,1
46,3,5,2,1,3,2,1582,4,18,4,2,4,4,1,3,3,3,2,4,1
26,3,3,1,1,2,2,1386,4,12,2,2,2,3,1,2,0,3,2,2,0
40,2,3,1,1,4,2,701,1,12,2,2,4,1,1,1,3,3,2,2,1
20,3,5,1,1,2,2,1967,2,24,2,2,4,1,2,3,3,3,2,4,1
27,3,3,1,1,3,2,4020,1,24,2,2,2,1,1,3,2,2,2,2,1
28,3,3,1,1,4,2,776,4,12,2,2,4,1,1,1,3,3,2,2,1
25,4,3,2,1,2,2,8065,1,36,4,2,3,1,2,4,6,3,2,2,0
37,3,2,1,1,1,2,3878,2,24,4,2,4,2,2,3,0,3,2,2,1
50,4,4,1,1,3,2,7476,1,48,2,2,4,1,2,4,6,3,3,1,1
24,2,3,1,1,2,2,1228,1,12,2,2,4,1,1,1,0,3,2,2,0
38,3,5,2,1,3,2,2751,4,48,4,1,4,5,2,3,1,3,2,3,1
40,4,5,1,1,3,2,1977,1,36,2,2,4,5,2,4,6,3,2,4,0
37,4,4,1,1,3,2,12749,4,48,3,2,4,3,2,3,3,3,2,1,1
24,3,3,2,1,3,2,1800,4,18,4,2,4,1,1,3,3,3,2,2,1
39,4,3,2,2,3,2,11938,2,24,4,1,2,1,2,3,10,3,2,3,0
27,2,3,1,3,3,2,1309,4,10,2,2,4,5,1,2,0,3,2,4,0
23,2,3,1,1,2,2,3573,2,12,4,2,1,1,1,1,3,3,2,1,1
23,3,2,1,1,2,2,2288,4,21,4,2,4,1,2,2,2,3,2,4,1
57,2,5,1,1,3,2,1264,4,12,4,2,4,5,1,4,9,3,1,4,1
33,2,2,1,1,3,2,2384,2,36,2,2,4,1,1,4,5,3,1,1,0
39,2,5,1,1,4,2,426,4,6,0,2,4,1,1,3,3,3,2,4,1
37,3,4,1,1,2,2,3380,4,4,4,1,1,1,1,1,0,3,2,1,1
32,4,4,2,1,4,2,1880,1,18,4,2,4,1,2,2,3,3,2,1,1
23,2,2,1,1,3,2,1246,2,24,2,2,4,1,1,1,0,1,2,2,0
21,3,4,2,1,3,2,15653,4,60,3,2,2,1,2,3,3,3,2,4,1
34,3,4,2,3,4,2,6999,1,48,2,2,1,1,2,1,3,3,2,1,0
27,2,3,1,1,4,2,1168,1,12,2,2,4,1,1,1,0,3,2,3,1
26,3,3,2,1,2,2,2764,4,33,3,2,2,1,2,3,9,3,2,2,1
32,3,4,2,1,3,2,2273,2,36,2,1,3,1,1,3,6,3,2,1,1
64,2,5,1,1,3,2,2384,1,24,2,2,4,1,1,1,3,1,1,4,1
34,2,2,1,1,1,2,11998,1,30,2,2,1,1,2,4,5,1,2,1,0
31,4,1,1,1,3,2,2406,4,9,4,2,2,1,1,3,2,3,2,3,1
27,3,3,2,1,4,2,1101,4,12,2,2,3,1,2,1,0,3,2,2,1
65,1,1,2,1,2,2,1098,4,18,4,2,4,1,1,3,3,3,2,4,1
47,3,5,1,1,3,2,1213,4,15,2,2,4,3,2,2,3,2,2,3,1
32,2,4,2,1,3,2,1442,1,18,1,1,4,1,1,4,0,1,3,4,0
27,2,2,2,1,3,2,2708,4,15,2,2,2,1,1,2,2,1,2,3,1
23,3,3,2,1,2,2,8471,1,18,3,2,1,5,2,3,6,3,1,2,1
26,3,2,1,1,4,2,907,2,8,2,2,3,1,2,1,9,3,2,2,1
49,3,4,2,2,3,2,1038,1,10,4,2,4,1,2,2,0,3,2,3,1
35,3,3,2,1,3,2,1471,4,15,4,2,4,1,2,4,3,3,3,4,1
31,3,3,1,1,3,2,3161,1,24,1,2,4,1,2,2,9,1,1,2,0
25,2,3,1,3,4,2,866,2,18,2,2,4,1,1,1,3,3,2,2,1
37,2,3,1,1,3,2,1922,2,12,2,2,4,1,1,2,2,3,2,2,0
25,2,2,1,1,2,2,2327,3,15,2,2,2,1,1,1,3,3,2,3,0
44,2,3,1,1,2,2,1881,3,12,2,2,2,1,2,3,3,3,1,2,1
27,3,2,4,1,2,2,951,2,12,2,2,4,2,1,3,2,1,1,4,0
35,2,3,1,1,3,1,1418,4,10,2,2,3,2,1,1,0,3,1,2,1
32,3,4,1,1,3,2,2325,1,24,1,2,2,2,1,3,0,1,2,3,1
21,3,4,1,1,4,2,902,1,12,2,2,4,1,1,2,8,3,1,4,0
32,3,4,1,1,3,2,11760,2,39,3,2,2,2,2,4,6,3,1,3,1
41,3,5,2,1,3,2,2503,2,30,3,2,4,2,1,2,9,2,2,2,1
26,3,4,2,1,3,2,1382,1,24,4,2,4,2,2,1,9,3,2,1,1
32,3,5,2,1,3,2,7238,4,48,3,1,3,5,1,3,3,1,2,3,1
20,2,3,1,1,2,2,2718,2,24,2,2,3,1,2,2,0,3,1,4,0
24,3,3,2,1,2,2,2124,1,18,4,2,4,1,1,1,2,3,1,4,0
25,3,2,1,1,4,2,3213,2,18,2,2,1,3,1,1,3,3,1,3,1
40,2,3,2,1,3,2,1647,1,21,1,1,4,5,1,2,0,1,2,2,0
46,4,5,1,1,3,2,2476,4,21,2,2,4,5,2,1,1,3,2,4,1
25,2,3,1,1,3,2,2210,4,10,2,2,2,1,1,1,2,3,1,2,0
56,3,5,1,1,3,2,618,4,12,4,2,4,1,1,1,3,3,2,4,1
32,3,3,1,1,3,2,2697,4,9,2,1,1,1,1,1,3,3,2,2,1
33,3,2,1,1,3,2,6403,2,24,3,2,1,1,1,3,3,3,2,2,1
32,3,3,1,2,3,2,2848,4,10,2,1,1,2,1,1,1,3,2,2,1
28,3,3,1,2,2,2,2073,4,12,2,2,4,2,1,1,3,3,2,2,1
23,2,3,2,1,3,2,2520,2,27,4,2,4,3,1,2,3,3,2,2,0
24,2,3,1,1,3,2,1768,4,12,2,2,3,1,1,1,2,3,1,2,1
28,2,3,1,1,2,2,745,3,9,2,2,3,1,1,1,3,3,2,2,0
29,3,3,2,1,3,2,2629,2,20,3,2,2,1,2,3,10,1,2,3,1
45,4,4,2,1,3,2,6761,4,6,4,1,1,1,2,4,0,3,2,3,1
36,3,4,1,1,3,2,1542,4,12,2,2,2,1,2,3,9,3,2,4,1
33,3,2,1,1,1,2,2319,3,21,4,2,2,1,1,3,6,3,1,1,0
35,3,4,1,1,2,2,1592,4,12,4,2,3,4,1,2,2,3,2,2,1
30,3,2,2,1,2,2,1055,4,18,4,2,4,1,1,2,0,3,2,1,1
29,4,2,1,1,2,2,2679,4,24,2,2,4,1,2,4,1,3,2,1,1
68,1,1,3,1,3,2,1175,2,16,4,2,2,1,2,3,0,3,3,3,1
50,3,3,1,1,3,2,1236,4,6,2,2,2,3,1,2,1,3,1,4,1
31,3,4,1,2,3,2,4817,1,24,2,2,2,1,2,2,0,3,2,3,0
38,4,4,1,1,3,2,7814,4,24,2,2,3,1,2,3,1,3,2,3,1
32,3,4,1,1,3,2,6078,2,12,2,2,2,1,1,3,0,3,2,2,1
37,3,4,1,1,3,2,10222,4,48,2,2,4,5,2,3,3,2,2,3,1
58,2,5,2,1,2,2,6143,1,48,4,2,4,1,1,4,1,2,3,4,0
74,4,3,1,1,3,2,4526,4,24,4,2,3,1,2,1,9,3,2,2,1
30,3,3,1,1,3,2,2028,2,12,2,2,4,5,1,3,1,3,2,2,1
52,2,3,2,1,2,2,362,4,6,4,2,4,2,1,3,0,3,2,4,1
35,3,5,1,1,4,2,1680,1,12,2,2,3,3,1,1,3,3,2,1,1
28,3,4,1,1,2,2,1376,4,24,2,2,4,3,1,3,3,3,2,1,1
20,3,4,1,1,4,2,674,1,12,2,2,4,2,1,2,3,3,2,1,0
47,3,5,1,1,3,2,3017,3,30,4,2,4,1,1,2,3,3,2,4,1
28,4,3,1,1,2,2,3349,4,36,2,2,4,1,2,3,2,3,2,2,0
74,2,4,1,1,3,2,3448,4,5,2,2,1,1,1,1,9,3,2,4,1
40,2,5,2,3,4,2,1155,2,12,2,2,3,1,1,1,3,1,2,3,1
22,3,1,1,2,2,2,433,4,18,2,2,3,1,1,1,3,3,1,4,0
43,3,5,2,2,3,2,4843,1,12,4,2,3,1,2,2,0,3,1,4,0
34,3,2,1,1,2,2,1842,1,36,2,2,4,1,2,3,0,3,2,4,0
20,3,3,1,1,4,2,2996,1,24,2,2,2,5,1,3,2,3,2,4,0
25,3,3,2,1,2,2,1433,1,15,4,2,4,1,1,2,2,3,1,3,1
22,3,3,1,1,3,2,2462,1,18,2,2,2,1,1,3,2,3,2,2,0
48,2,3,1,1,2,2,4351,2,24,2,2,1,5,2,2,2,3,2,4,1
43,3,4,2,1,3,2,4042,4,24,4,2,3,5,2,2,1,3,2,4,1
23,2,4,2,1,4,2,1936,1,18,2,2,2,5,1,3,3,3,1,4,1
44,4,5,2,1,2,2,6419,1,24,4,1,2,1,2,4,1,3,3,4,1
61,3,4,1,1,2,2,2012,4,12,4,2,4,5,1,3,6,3,2,2,1
22,3,2,1,1,4,2,3832,2,30,2,2,2,1,1,2,2,3,2,1,1
53,3,3,2,1,3,2,4870,1,24,3,1,3,1,1,4,0,3,3,4,0
23,3,3,1,1,4,2,1297,3,12,2,2,3,1,1,1,3,3,1,4,1
26,3,3,1,1,3,2,1925,3,24,2,2,2,1,1,1,2,3,2,2,1
26,3,3,1,1,1,2,1158,2,12,2,2,3,3,2,3,3,3,2,1,1
23,3,3,1,1,3,2,15672,2,48,2,2,2,1,2,3,9,3,2,2,0
31,2,4,2,1,3,2,9857,2,36,3,1,1,2,2,2,9,3,2,3,1
42,3,3,1,1,1,2,2577,1,12,2,2,2,1,1,3,2,3,2,1,1
36,3,5,2,1,3,2,2181,2,30,4,2,4,5,1,1,0,3,2,4,1
30,2,4,2,1,3,2,2028,4,24,4,2,2,1,1,2,2,3,2,2,1
52,3,5,2,1,3,2,2223,4,24,4,2,4,2,1,2,3,1,2,4,1
34,4,1,1,1,3,2,6850,2,15,1,1,1,2,2,2,0,2,2,2,0
40,4,3,1,1,3,2,4623,4,15,2,2,3,2,2,2,6,3,2,2,0
23,3,3,1,1,2,2,1200,1,12,2,2,4,5,2,2,6,1,1,4,1
50,3,5,1,1,3,2,6224,2,48,3,2,4,1,1,4,6,3,3,4,0
51,2,5,1,1,3,2,2507,4,9,2,2,2,3,1,4,0,3,3,4,1
22,3,1,1,1,2,2,741,1,12,2,2,4,2,1,2,4,3,2,3,0
38,3,3,1,1,1,2,3914,4,48,2,2,4,5,1,1,9,1,2,2,0
22,3,3,1,1,2,2,5951,2,48,2,2,2,1,1,1,3,3,2,2,0
43,4,1,1,2,1,2,15857,1,36,2,2,2,1,1,3,10,3,2,3,1
63,4,5,1,1,3,2,13756,4,60,4,2,2,5,2,4,0,1,3,4,1
40,2,3,1,1,3,2,684,1,12,2,1,4,1,1,3,6,3,1,4,0
37,3,4,1,1,2,2,1402,4,12,4,2,3,3,2,3,2,3,1,4,1
36,4,2,1,2,3,2,1940,1,18,1,2,3,1,2,4,3,1,3,4,1
27,2,3,2,1,3,2,4139,4,24,4,2,3,2,2,2,9,3,2,3,1
30,4,4,1,1,3,2,2249,1,18,2,1,4,2,2,3,0,3,2,3,1
42,3,3,1,1,3,2,6288,2,60,2,2,4,1,1,4,6,3,3,4,0
29,4,2,1,2,3,2,9034,2,36,2,2,4,2,2,4,2,3,1,1,0
28,2,3,1,1,3,2,654,1,9,2,2,4,1,1,3,0,3,2,3,0
47,2,5,2,1,3,2,713,1,8,4,2,4,1,1,1,0,3,2,4,1
54,1,1,1,1,2,2,672,4,6,2,2,1,1,2,1,0,3,2,4,1
40,4,5,1,1,1,2,4297,2,18,3,2,4,1,2,4,2,3,2,3,0
40,3,4,1,1,3,2,1559,4,24,1,2,4,1,2,3,9,1,2,4,1
55,1,1,3,1,2,2,1190,1,18,4,1,2,1,1,4,5,3,3,4,0
33,2,2,1,1,4,2,727,1,12,2,2,4,2,2,4,3,3,2,3,0
38,3,2,1,1,2,2,1533,4,24,2,2,4,1,2,3,3,2,2,3,1
24,2,2,2,1,3,2,4746,2,45,4,2,4,1,1,2,3,1,2,2,0
29,3,4,2,3,3,2,1103,2,12,2,2,4,1,1,1,3,3,2,3,1
22,2,3,1,1,4,2,276,2,9,2,2,4,1,1,1,0,3,1,4,1
46,2,3,1,1,2,2,2251,3,12,2,2,1,1,1,3,2,3,2,2,1
55,4,1,1,1,2,2,2578,1,12,2,2,3,1,1,4,2,3,3,4,1
29,3,2,1,1,3,2,2896,2,24,2,2,2,2,1,3,3,3,2,1,1
20,3,3,1,1,2,2,2039,1,18,2,2,1,1,1,1,2,3,1,4,0
33,3,3,1,1,2,2,1042,2,18,2,2,4,5,1,2,0,3,2,2,0
29,2,3,1,1,2,2,1123,4,12,2,2,4,3,1,3,2,3,1,4,0
28,4,3,1,1,2,2,2923,3,21,2,2,1,2,2,3,0,1,2,1,1
36,3,2,1,1,3,2,1721,1,15,2,2,2,1,1,1,0,3,2,3,1
24,3,2,1,1,2,2,874,4,15,2,2,4,5,1,1,4,3,2,1,1
31,2,3,1,1,1,2,1521,2,10,2,2,4,1,1,3,2,3,2,2,1
25,3,5,2,1,3,2,999,4,24,2,2,4,5,1,3,3,3,2,2,1
26,3,2,1,1,2,2,1453,4,18,2,2,3,1,1,1,3,3,2,1,1
39,2,4,2,1,3,1,3398,1,8,4,2,1,1,1,1,0,3,2,4,1
35,3,4,1,1,3,2,1919,2,9,4,2,4,1,2,3,2,3,1,3,1
25,3,4,1,1,3,2,5152,3,24,2,2,4,1,1,3,3,1,2,2,1
38,4,5,3,1,3,2,10623,1,30,4,1,3,1,2,4,1,3,3,4,1
29,3,5,2,1,3,2,2743,4,28,4,2,4,1,1,3,3,3,2,2,1
43,4,5,4,1,3,2,2442,1,27,4,1,4,1,2,3,9,2,2,4,1
28,3,3,2,1,2,2,1382,4,6,4,2,1,1,2,3,3,3,2,1,1
42,2,4,3,1,3,2,1455,4,4,4,1,2,1,1,1,0,3,2,1,1
31,3,3,1,1,2,2,1532,4,15,4,2,4,2,1,3,6,3,2,3,1
46,3,5,2,1,3,2,6331,1,48,4,2,4,1,2,4,1,3,3,4,0
24,3,3,1,1,4,2,3016,3,12,2,2,3,1,1,3,3,3,2,1,1
28,4,2,1,1,2,2,2606,1,21,2,2,4,1,2,2,3,3,1,4,1
35,3,5,1,1,3,2,1979,4,15,2,2,4,5,1,3,3,3,2,2,1
43,2,3,2,1,2,2,1516,4,24,4,2,4,4,1,1,3,3,2,1,1
59,3,4,1,1,3,2,1364,1,9,2,2,3,1,1,1,3,3,2,4,1
21,3,2,1,1,2,2,1126,4,18,2,2,4,5,2,1,3,3,1,2,1
27,3,2,2,1,2,2,1295,2,18,4,2,4,1,1,2,2,3,2,1,1
61,2,5,2,1,1,2,2767,2,21,2,2,4,2,1,3,9,3,1,2,0
24,3,3,1,1,2,2,1275,1,15,2,2,4,5,1,3,4,3,1,2,0
29,2,2,1,1,2,2,1659,1,24,3,2,4,1,2,3,3,3,1,2,0
43,2,2,1,2,4,2,1533,4,18,2,1,4,1,1,2,2,3,2,1,0
34,3,3,1,1,3,2,3496,2,30,1,1,4,4,2,3,2,2,2,2,1
45,3,2,1,3,2,2,2329,2,7,2,2,1,1,1,1,3,3,2,1,1
55,3,2,1,1,1,2,6872,1,24,1,2,2,1,2,2,2,1,2,1,0
24,3,3,1,1,2,2,3190,1,18,2,2,2,1,1,1,3,3,2,2,0
31,3,4,2,1,3,2,5742,4,36,2,2,2,2,2,3,9,3,2,2,1
47,3,3,2,1,1,2,2353,2,21,3,2,1,1,1,2,0,3,2,4,1
57,3,5,2,1,2,2,3622,1,30,2,2,4,4,2,2,2,3,1,4,1
26,4,3,2,1,3,2,4463,4,36,3,2,4,1,2,3,3,3,2,2,0
36,3,3,2,1,3,2,4165,4,18,0,1,2,1,1,3,9,2,2,2,0
26,3,3,1,1,3,2,5248,4,21,2,2,1,5,1,3,1,3,2,3,1
29,3,3,1,3,2,2,1893,1,12,2,2,4,1,2,2,0,3,2,4,1
65,3,5,2,1,3,2,571,1,21,4,2,4,1,1,1,0,3,2,4,1
25,3,4,1,1,2,2,1283,4,22,2,2,4,5,1,2,0,3,1,4,1
24,2,3,2,1,2,2,11590,4,48,4,2,2,2,1,3,1,3,1,4,0
60,4,5,2,1,2,2,14782,2,60,1,2,3,2,2,4,10,1,3,4,0
27,3,3,2,1,4,2,1221,4,6,4,2,1,5,1,2,2,3,2,2,1
33,3,4,1,1,3,2,3029,4,15,2,2,2,1,1,3,1,3,2,2,1
33,4,1,1,1,3,2,4844,4,48,2,2,3,1,2,3,9,3,1,2,0
37,4,5,1,1,3,2,3399,3,12,2,2,2,5,1,3,3,3,2,3,1
43,3,5,1,1,3,2,2899,2,18,3,1,4,5,1,3,0,3,2,4,1
24,3,4,2,1,3,2,9629,1,36,4,2,4,1,2,3,1,3,2,4,0
22,3,2,1,1,4,2,3092,2,24,2,2,3,2,2,3,3,3,1,2,0
25,2,4,1,1,4,2,685,2,12,2,2,2,1,1,3,0,1,2,3,0
55,4,5,1,1,2,2,1424,3,12,2,2,3,5,2,1,2,3,2,4,1
40,4,3,1,1,1,2,3857,1,30,2,2,4,1,2,2,1,3,2,4,1
27,3,2,1,1,4,1,1053,1,15,2,2,4,1,1,1,3,3,2,2,1
27,3,3,2,1,3,2,2613,4,36,0,2,4,1,1,3,5,3,2,2,1
39,2,3,1,1,3,2,9436,4,54,0,1,2,5,1,2,1,3,2,2,1
48,3,3,1,1,1,2,9277,4,24,2,2,2,5,2,4,1,3,3,4,1
35,4,4,2,1,3,2,7253,4,33,4,2,3,1,2,3,1,3,2,2,1
25,3,3,1,1,3,2,14421,2,48,0,2,2,1,2,3,9,2,2,2,0
23,3,2,1,1,2,2,3812,4,15,2,2,1,2,2,3,1,3,2,4,1
35,3,5,2,1,3,2,5842,4,36,4,1,2,1,2,2,1,3,2,2,1
61,2,5,2,1,3,2,1255,4,12,4,2,4,1,1,1,0,3,2,4,1
29,3,4,1,1,3,2,5179,1,36,2,2,4,1,1,2,2,3,2,2,0
46,3,2,2,1,3,2,697,1,12,1,2,4,1,2,3,0,1,2,2,0
34,3,4,2,1,3,2,1950,4,18,2,2,4,1,2,3,9,2,2,1,1
33,3,3,2,1,2,2,3244,2,18,0,2,1,1,2,3,2,1,2,4,1
27,3,2,1,1,2,2,2389,1,18,2,2,4,1,1,3,3,2,2,1,1
41,3,5,1,1,3,2,2712,1,36,2,1,2,1,1,2,2,1,2,2,0
38,3,2,2,1,3,2,1216,2,24,4,1,4,2,1,4,3,1,2,4,0
65,3,5,4,1,3,2,930,4,12,4,2,4,5,1,1,3,3,2,4,1
55,3,4,1,1,3,1,1413,4,12,2,2,3,4,1,2,1,3,2,2,1
37,3,4,2,1,2,2,609,1,6,4,2,4,1,1,2,0,3,2,3,1
43,2,3,2,1,3,2,1344,1,12,3,1,4,1,1,1,0,3,2,2,1
44,3,3,1,1,3,2,10127,4,48,4,2,2,3,1,4,0,3,3,2,0
35,2,3,1,1,3,2,1941,2,18,2,2,4,4,2,2,9,3,2,2,1
39,2,4,2,1,2,2,666,1,6,4,2,3,4,2,1,0,3,2,4,1
31,3,3,1,3,3,2,1393,4,24,2,2,2,1,2,1,0,3,2,2,1
23,3,3,1,1,2,2,1498,1,12,2,2,4,1,1,3,3,1,2,1,1
24,3,5,1,1,2,2,652,1,12,2,2,4,1,1,2,2,3,1,4,1
25,3,3,1,1,4,2,1264,2,15,1,2,2,2,1,2,0,3,1,2,0
29,3,3,1,1,2,2,518,4,6,2,2,3,1,1,1,3,3,2,1,1
47,3,2,3,1,4,2,5103,4,24,4,2,3,1,2,4,3,3,3,3,1
28,3,2,2,1,1,2,9572,4,36,3,2,1,1,1,3,9,3,2,1,0
23,2,2,1,1,2,2,601,4,4,2,1,1,1,1,1,2,3,1,3,1
40,2,3,2,1,3,2,3939,1,11,4,1,1,1,1,1,0,3,2,2,1
47,3,5,1,1,3,2,8335,1,36,2,2,3,5,1,4,1,3,3,4,0
32,4,3,1,1,3,2,4686,4,36,2,2,2,1,2,4,1,3,3,2,1
67,3,1,1,1,2,2,3872,2,18,2,2,2,1,2,3,5,3,2,4,1
24,3,4,2,1,2,2,1554,4,6,4,2,1,1,2,3,3,3,1,2,1
45,3,4,1,3,3,2,7882,1,42,2,1,2,1,1,2,2,3,3,4,1
35,3,5,1,2,3,2,2753,4,9,2,2,3,2,2,3,3,3,2,4,1
60,4,1,1,1,1,2,6468,2,20,2,2,1,5,2,1,1,3,2,4,1
54,3,3,1,1,2,2,7432,2,36,3,2,2,1,1,2,0,3,1,2,1
34,2,3,2,1,3,2,1898,4,6,4,1,1,5,1,1,3,3,2,2,1
46,4,3,2,1,3,2,6842,4,24,4,1,2,5,2,2,1,3,2,4,1
30,4,3,1,1,4,2,1820,4,18,2,2,2,1,2,2,0,3,2,2,1
44,3,3,1,1,3,2,1163,4,12,4,2,4,3,2,1,0,3,2,4,1
36,4,5,3,1,3,2,5302,1,18,4,2,2,1,2,4,0,3,3,4,1
32,4,5,2,1,3,2,629,4,18,4,2,4,3,2,2,3,1,2,3,1
24,3,3,1,1,3,2,2569,4,39,2,2,4,3,1,3,1,3,2,4,1
23,1,1,1,1,3,2,14555,2,6,2,2,1,5,2,2,0,3,2,2,0
48,3,5,2,3,3,1,1288,1,9,4,1,3,2,1,1,5,3,2,4,1
39,4,5,2,1,3,2,6458,4,18,1,1,2,1,2,4,0,1,2,4,0
24,2,4,1,1,2,2,4811,4,30,2,2,2,5,1,2,1,2,1,4,1
25,3,3,1,1,3,2,5511,4,24,2,2,4,2,1,3,2,2,2,1,1
36,3,3,2,1,2,2,2247,3,12,3,2,2,1,2,3,0,2,2,2,1
40,3,3,2,1,2,2,1322,2,11,4,2,4,4,1,3,0,3,2,4,1
22,3,2,1,1,2,2,1366,1,9,2,2,3,1,1,2,3,3,1,4,0
38,3,4,2,1,3,2,3512,2,24,2,2,2,2,2,3,0,1,2,3,1
33,2,3,1,1,2,2,3195,2,9,2,2,1,5,1,1,0,3,2,2,1
67,3,5,2,1,3,2,1169,1,6,4,2,4,5,2,1,3,3,2,4,1
21,3,3,1,3,3,2,3031,2,45,2,2,4,2,1,2,3,3,1,4,0
40,4,5,1,1,3,2,1905,3,15,2,2,4,1,2,3,6,3,1,4,1
40,3,4,2,1,3,2,1585,4,24,4,2,4,1,1,2,2,3,2,3,1
58,3,5,1,1,3,2,1867,4,30,2,2,4,5,2,3,3,3,2,4,1
31,3,5,2,1,1,2,1935,2,24,4,2,4,1,2,1,9,3,2,4,0
51,3,4,1,1,3,2,1595,4,6,2,1,3,1,1,2,3,3,2,2,1
63,3,5,2,1,3,2,7596,4,30,4,2,1,5,1,3,1,3,2,4,1
22,3,2,1,1,3,2,3149,1,24,2,2,4,1,1,4,2,1,3,1,1
35,4,1,2,1,3,1,1050,2,6,3,2,4,1,2,2,2,2,2,1,1
34,3,3,1,3,3,2,2415,2,7,2,2,3,1,1,1,3,3,2,2,1
38,2,5,2,1,3,2,1308,2,15,2,2,4,1,1,3,5,3,2,4,1
26,3,2,1,1,2,2,3181,4,24,2,2,4,1,2,2,3,3,2,4,1
59,3,5,1,1,2,2,5045,4,15,4,2,1,5,2,3,0,3,2,4,1
23,3,4,1,1,2,2,3488,4,24,2,2,3,2,1,3,1,3,2,4,1
36,3,3,2,1,1,2,1275,3,24,4,2,2,4,2,1,9,3,2,4,1
31,3,3,2,1,3,2,1360,4,15,4,2,4,1,1,2,3,3,2,2,1
23,2,2,1,3,2,2,2101,2,13,2,2,2,1,1,2,3,3,2,4,1
28,3,2,1,1,4,2,1249,4,24,2,2,4,1,1,1,0,3,2,2,1
45,4,5,1,1,1,1,8978,1,14,2,2,1,1,2,2,0,3,2,4,0
49,2,5,2,1,3,2,3656,3,30,4,2,4,5,1,2,3,2,2,4,1
41,3,3,1,1,4,2,1503,4,12,3,2,4,1,1,1,1,3,1,4,1
27,3,4,2,1,2,2,1449,4,9,2,2,3,1,1,3,9,3,2,2,1
49,3,5,1,1,2,2,428,1,6,2,2,2,1,2,2,2,1,2,1,1
36,3,5,1,1,3,2,909,4,36,2,2,4,3,1,2,0,3,2,4,1
27,1,2,1,1,4,1,709,3,6,2,2,2,4,1,1,0,3,2,2,1
29,3,4,1,1,4,2,7166,4,42,2,2,2,5,2,2,3,3,1,4,1
47,3,3,2,1,3,2,1984,4,18,2,2,4,1,1,4,2,1,3,4,1
68,3,3,2,1,3,2,6761,4,18,2,2,2,5,1,3,0,2,1,4,0
33,3,1,1,1,1,2,2359,1,24,2,2,1,2,1,2,2,3,2,1,0
26,2,3,2,1,2,2,4280,2,30,0,2,4,2,1,3,9,3,1,4,0
39,3,3,2,1,3,2,1271,3,15,4,2,3,5,2,4,3,3,3,4,0
36,3,3,2,1,3,2,2799,1,9,4,1,2,1,1,1,0,3,1,2,1
23,3,3,1,1,4,2,900,1,12,2,2,4,5,1,3,0,3,2,2,0
23,3,3,1,1,3,2,1845,1,45,2,2,4,1,2,4,3,3,3,4,0
57,2,5,1,1,3,2,709,1,12,2,2,4,1,1,1,3,3,2,4,0
39,3,5,1,1,3,2,2299,4,36,2,2,4,3,1,3,3,3,2,4,1
43,3,4,2,1,3,2,2197,4,24,4,1,4,5,2,3,1,3,2,4,1
22,3,1,1,1,3,2,3973,1,14,2,2,1,1,1,4,0,3,3,4,1
30,3,3,2,1,3,2,5866,2,18,2,2,2,2,2,3,0,3,2,2,1
59,3,5,1,1,2,2,6416,2,48,1,2,4,1,1,4,9,3,1,3,0
31,4,4,1,1,2,2,2782,4,21,2,2,1,3,1,3,0,1,2,2,1
33,3,3,1,1,2,2,2831,4,30,4,2,4,1,2,3,3,3,2,2,1
42,3,5,1,1,3,2,5493,1,36,2,1,2,1,1,4,1,3,3,4,1
52,4,5,1,1,2,2,2133,4,12,2,2,4,5,2,4,0,3,3,4,1
21,3,3,1,1,4,2,2779,2,18,2,2,1,1,2,3,1,3,1,3,1
32,2,3,1,1,2,2,1282,1,24,2,2,4,2,1,3,3,3,2,2,0
36,3,5,2,1,3,2,700,4,6,4,2,4,5,1,4,3,3,3,4,1
35,3,5,1,1,2,2,1198,1,6,1,2,4,1,1,4,6,3,3,4,0
35,3,3,1,1,3,1,1204,4,6,0,2,4,2,1,4,0,1,1,1,1
33,3,5,1,1,3,2,5150,4,24,4,2,4,1,2,3,2,3,2,4,1
31,2,3,1,1,3,1,1546,4,10,2,1,3,1,1,1,0,3,2,2,1
34,4,5,2,1,2,2,1501,2,9,4,2,2,1,2,3,6,3,2,3,0
27,3,4,2,1,3,2,3652,2,21,4,2,2,1,1,2,9,3,2,3,1
24,3,4,1,1,3,2,2323,2,36,2,2,4,1,1,3,3,3,1,4,1
32,2,2,1,1,2,2,931,2,6,1,2,1,2,1,2,0,2,2,1,0
57,4,5,2,1,2,2,1231,1,24,4,2,4,4,2,2,3,3,1,4,1
45,3,5,1,2,3,2,2303,1,24,2,2,4,1,1,1,0,3,2,1,0
21,3,2,1,1,2,2,1049,1,18,4,2,4,1,1,2,2,3,1,4,1
26,4,4,1,1,2,2,4530,4,30,4,2,4,1,2,3,3,3,1,4,1
34,3,1,2,1,4,2,2320,4,18,3,2,2,1,1,1,3,3,2,3,1
32,3,4,1,1,3,2,1552,4,24,2,1,3,1,1,3,3,1,2,1,1
47,3,5,3,1,3,2,3422,4,18,2,1,4,1,2,2,2,1,2,4,1
41,2,4,2,1,2,2,5954,2,42,4,2,2,1,1,1,9,1,2,1,1
28,3,3,2,1,2,2,2631,2,15,2,2,2,2,2,3,0,3,1,4,0
38,4,1,1,1,3,2,3229,4,18,4,2,2,5,2,4,1,3,2,4,1
58,2,4,4,1,2,2,385,1,12,4,2,4,1,2,1,3,3,2,3,1
29,4,3,2,3,2,2,1412,4,12,4,2,4,1,2,1,9,3,2,2,1
29,3,2,1,1,2,2,3357,1,21,2,2,4,4,1,3,3,1,2,2,1
41,3,5,1,1,3,2,3160,4,21,2,2,4,5,2,2,3,3,2,3,1
24,3,4,1,1,3,2,6560,2,48,2,2,3,2,1,2,0,3,2,2,0
25,3,3,2,1,2,2,1835,1,21,2,2,3,1,2,1,3,3,2,2,0
22,3,2,1,1,2,2,2301,4,9,2,2,2,2,1,2,2,3,1,4,1
45,2,5,1,1,3,2,1750,4,6,1,1,2,3,1,2,3,1,2,4,1
36,4,5,1,1,3,2,1278,4,24,2,2,4,1,2,1,3,3,2,1,1
30,3,3,2,1,3,2,707,4,12,2,2,4,1,1,1,3,1,2,2,1
35,2,4,2,1,3,2,4679,4,24,3,2,3,1,2,3,1,3,2,3,1
28,4,1,2,1,4,2,4249,2,30,4,2,4,1,1,3,0,3,2,2,0
26,3,4,1,1,3,2,759,1,12,2,2,4,1,1,1,0,3,2,2,0
39,3,4,1,1,3,2,2212,1,20,2,2,4,5,2,3,2,3,2,4,1
30,3,3,2,1,2,2,1864,4,18,4,2,4,2,1,1,6,3,2,2,0
35,3,4,1,1,3,2,3976,2,21,2,2,2,5,2,3,2,3,2,3,1
24,3,2,2,1,2,2,5743,2,24,4,2,2,1,2,4,6,3,3,4,1
36,3,3,1,1,3,2,2360,3,15,4,2,2,3,2,3,1,3,2,2,1
53,3,5,2,1,3,2,2424,4,24,4,2,4,5,1,2,3,3,2,4,1
23,4,5,1,1,2,2,1961,3,18,2,2,3,1,1,3,0,3,2,2,1
29,3,4,1,1,3,2,1437,2,9,1,2,2,2,1,4,0,3,2,3,0
57,2,5,3,1,2,2,2748,4,12,4,2,2,1,1,4,6,1,3,4,1
25,3,4,2,1,2,2,5771,4,30,4,2,4,1,1,3,3,3,2,2,1
45,4,5,1,1,3,2,8588,4,39,2,2,4,2,2,3,1,3,2,2,1
63,3,5,1,1,3,2,1520,4,15,4,2,4,5,1,2,2,3,2,4,1
49,3,5,1,1,1,2,1126,3,9,2,2,2,2,1,1,3,3,2,4,1
49,2,2,2,1,3,2,3124,2,12,4,1,1,1,1,1,0,1,2,3,1
38,3,3,1,1,3,2,6681,2,48,3,1,4,5,2,4,9,3,3,4,1
24,2,4,1,2,3,1,3763,1,21,2,2,2,5,1,1,0,3,2,2,1
39,2,4,2,1,2,2,932,2,6,4,2,1,5,1,2,8,3,2,3,1
32,3,3,1,1,3,2,3863,4,24,3,2,1,1,1,4,9,3,3,2,1
36,4,4,2,1,3,2,7057,2,20,3,1,3,5,2,2,1,1,1,4,1
35,3,4,2,1,3,2,8858,4,48,4,2,2,5,2,4,1,3,3,1,1
36,4,4,1,1,3,2,6967,2,24,3,2,4,2,2,3,9,3,1,4,1
34,4,4,2,1,3,2,1591,4,21,3,2,4,2,1,1,2,3,2,3,1
34,2,5,1,1,3,2,1569,4,15,1,1,4,2,1,3,3,1,2,4,1
24,2,3,1,1,3,2,2214,1,12,2,2,4,1,1,2,3,3,2,3,1
21,3,3,1,1,4,2,1766,4,6,2,2,1,1,1,2,2,3,1,2,1
35,3,4,3,3,3,2,2728,2,15,4,2,4,5,2,1,3,1,2,2,1
25,2,2,1,1,2,2,4736,2,24,4,2,2,1,1,3,2,1,2,4,0
27,4,1,2,2,3,2,6314,4,24,4,2,4,1,2,4,10,1,2,2,1
28,3,4,2,1,3,2,1108,1,12,0,2,4,1,1,1,5,3,2,3,0
28,3,3,2,3,3,2,5371,1,36,4,2,3,1,1,2,2,3,2,2,1
30,3,5,2,1,4,2,1740,4,6,4,2,2,1,1,1,3,3,1,2,1
20,3,3,1,1,2,2,1282,1,12,2,2,2,1,1,3,2,3,1,4,0
53,4,5,1,1,3,2,7865,1,12,2,2,4,1,2,4,2,3,3,4,0
34,3,3,1,1,3,2,2622,2,18,2,2,4,2,1,3,9,3,2,4,1
42,3,5,2,1,3,2,522,4,12,4,1,4,3,2,2,3,3,2,4,1
28,3,3,2,1,2,2,4221,2,30,0,2,2,1,1,3,9,3,2,1,1
25,3,3,2,1,2,2,7855,4,36,4,2,4,1,2,1,0,2,2,2,0
48,3,3,3,1,3,2,2134,4,9,4,2,4,1,2,3,0,3,2,4,1
33,3,5,2,1,3,2,6070,4,18,4,2,3,1,2,3,3,3,2,4,1
55,3,5,1,1,2,2,1603,1,24,2,2,4,1,1,3,3,3,2,4,1
40,2,3,1,1,3,1,1597,4,10,2,1,3,3,1,4,0,3,1,2,1
29,3,5,1,1,2,2,7758,2,24,4,2,2,4,1,4,1,3,1,4,1
29,3,3,1,1,2,2,3959,1,15,2,2,3,1,2,2,0,3,2,2,0
25,1,1,1,1,3,2,2473,1,18,2,2,4,1,1,3,2,3,2,1,0
26,3,3,1,3,3,1,3577,4,9,2,1,1,2,1,1,0,3,1,2,1
32,2,5,1,3,4,2,1301,2,18,2,2,4,1,1,1,3,3,2,2,1
32,3,5,1,1,3,2,3062,4,24,2,2,4,3,2,4,2,3,1,3,1
27,3,2,2,1,3,2,8648,4,24,3,2,2,1,2,3,9,1,2,2,0
46,2,5,2,1,3,2,730,4,7,4,2,4,5,2,2,3,3,1,2,1
49,3,3,2,3,2,2,1092,2,12,2,2,4,1,2,1,3,3,2,4,1
25,3,2,2,1,2,2,2969,2,12,0,2,4,1,1,2,2,3,1,3,0
28,2,3,2,1,3,2,2993,4,21,3,2,3,1,1,1,1,2,2,2,1
24,3,4,2,1,3,2,2145,1,36,3,2,2,1,2,3,9,3,2,1,0
28,3,2,2,1,2,2,2278,2,18,0,2,3,2,1,3,0,3,2,3,0
25,2,3,1,1,2,2,2631,2,15,2,2,3,2,1,1,5,3,2,2,1
33,3,2,2,1,1,2,6289,3,42,0,2,2,1,1,2,9,3,2,1,1
19,3,2,2,2,2,2,1980,4,9,2,2,2,1,1,3,2,3,1,2,0
24,2,3,1,1,2,2,1568,4,18,2,2,3,2,1,2,9,3,1,4,1
30,4,2,1,1,2,2,4795,2,36,2,2,4,1,2,4,3,3,2,1,1
49,3,5,1,1,3,1,5801,4,12,4,2,2,5,2,2,2,3,1,4,1
61,2,4,1,1,1,2,3059,4,12,2,2,2,4,1,1,3,3,2,4,1
39,2,3,2,1,3,1,2122,1,12,4,1,3,1,1,1,0,3,1,2,1
25,3,4,1,1,2,2,3972,4,24,2,2,2,1,2,2,2,3,1,4,1
68,4,5,1,1,3,2,14896,1,6,2,2,1,1,2,4,0,1,2,4,0
42,4,5,2,1,2,2,8318,2,27,0,2,2,1,2,4,9,2,3,4,0
23,3,2,1,1,2,2,392,3,15,2,2,4,1,2,2,6,3,1,4,1
35,2,3,1,1,3,2,9055,4,36,2,1,2,5,2,4,6,3,3,4,1
50,3,1,2,1,3,2,5293,1,27,0,2,2,1,2,2,9,3,2,4,0
24,3,4,2,1,4,2,6187,1,30,4,2,1,2,1,3,1,3,1,4,1
33,3,5,3,1,2,2,3966,1,18,4,2,1,1,2,1,0,1,1,4,0
57,2,3,1,1,2,2,1258,3,24,2,2,3,3,1,3,3,3,2,3,1
25,3,2,1,1,2,2,1295,2,12,2,2,3,1,1,3,0,3,1,1,0
39,2,3,2,1,3,2,7228,4,11,4,2,1,1,1,2,0,3,2,4,1
26,3,3,1,1,4,2,1345,1,18,2,2,4,1,1,1,3,3,2,3,0
27,3,3,1,1,4,2,3711,2,36,2,2,2,5,1,3,6,3,2,2,1
21,2,3,1,1,4,2,6568,1,24,2,2,2,1,1,3,9,2,2,2,1
74,4,5,1,1,2,2,5129,2,9,1,1,2,1,2,4,1,1,3,4,0
33,3,3,2,1,3,2,3074,4,9,4,1,1,5,1,1,3,3,2,2,1
46,3,4,1,1,3,2,3931,1,48,2,1,4,1,1,4,0,3,3,4,0
45,2,5,1,1,2,2,3835,4,36,2,2,2,5,2,1,3,3,2,4,1
25,3,4,2,3,3,2,4933,2,39,4,2,2,1,1,1,3,3,2,2,0
30,3,2,1,1,2,1,7721,1,24,2,2,1,5,2,2,2,3,2,2,1
40,3,5,1,1,3,2,2675,4,22,2,2,3,3,1,3,3,3,2,4,1
30,3,2,2,1,3,2,7966,2,26,2,2,2,1,1,3,1,3,2,3,1
22,2,2,1,1,4,2,454,2,6,2,2,3,1,1,2,5,3,2,1,1
44,3,5,2,1,3,2,1478,1,15,4,1,4,1,2,3,2,3,2,4,1
44,4,5,1,1,2,2,12579,2,24,2,2,4,1,2,4,1,3,3,2,0
20,3,3,2,2,4,2,585,2,12,3,2,4,1,1,1,3,3,1,4,1
33,3,5,2,1,3,2,950,1,15,0,1,4,1,1,3,0,3,1,3,0
39,4,5,1,1,3,2,3345,1,24,2,2,4,1,2,2,2,3,1,2,0
43,2,3,1,1,3,2,7393,4,24,2,1,1,1,1,2,0,3,2,4,1
62,3,5,1,2,2,2,3757,4,24,2,2,4,1,2,4,0,3,3,4,1
26,3,4,1,1,3,2,1424,2,12,4,2,4,1,1,2,4,3,2,3,1
45,3,5,2,1,3,2,10875,4,36,3,1,2,1,2,3,0,3,2,2,1
66,4,5,2,1,3,2,1526,1,12,4,2,4,1,1,4,1,3,3,4,1
26,3,3,1,1,2,2,1388,4,9,2,2,4,1,1,1,2,3,1,2,1
29,4,1,1,1,3,2,6579,1,24,2,2,4,1,2,4,1,3,3,2,1
29,3,3,1,1,3,2,3556,4,15,2,2,3,5,1,4,0,3,2,2,1
30,3,3,1,2,2,2,1620,1,12,2,2,2,1,1,2,2,3,2,3,1
30,3,3,1,1,3,2,4657,4,15,2,2,3,1,2,3,1,3,2,2,1
29,3,3,2,1,3,2,1169,4,18,4,2,4,5,2,2,3,3,2,3,1
29,3,5,2,1,3,2,11816,1,45,0,2,2,1,1,3,9,3,1,4,0
44,3,2,2,1,1,2,3485,4,20,4,2,2,5,2,1,0,3,2,4,1
30,4,4,2,1,3,2,14179,1,39,4,2,4,5,2,2,2,3,2,4,1
42,2,4,3,1,3,2,1544,4,4,4,1,2,1,1,1,3,3,2,1,1
60,3,5,2,1,3,2,2032,4,24,3,2,4,1,2,4,0,3,3,4,1
31,3,5,1,1,3,2,6350,1,30,2,2,4,5,1,2,2,3,2,4,0
23,2,4,1,1,2,2,841,2,12,2,2,2,2,1,1,9,3,1,4,1
37,3,5,1,1,3,2,802,2,15,2,1,4,1,1,3,3,3,2,3,0
23,3,5,2,1,3,2,3368,4,15,4,2,3,4,2,4,1,3,1,4,1
29,3,3,1,1,1,2,2149,1,12,1,2,4,1,1,4,3,3,3,1,0
23,2,2,1,1,2,2,836,2,12,2,2,4,2,1,2,0,1,2,2,0
31,3,4,1,1,3,2,3104,1,18,0,2,3,1,2,2,9,1,2,1,1
49,2,4,1,1,3,2,2096,4,12,4,1,2,1,1,1,6,3,2,3,1
37,3,4,1,3,2,2,7685,1,48,1,2,2,1,1,3,9,3,1,4,0
27,4,2,1,1,3,2,1422,1,9,2,2,3,1,2,4,0,3,3,2,0
29,4,3,2,2,3,2,11328,2,24,2,2,2,1,2,3,10,1,2,3,0
24,2,3,1,1,1,2,3021,1,24,2,2,2,1,1,1,2,3,1,2,1
40,2,2,1,1,3,1,1361,1,6,4,1,2,1,1,1,0,3,2,4,1
33,2,4,1,1,2,2,2186,4,15,2,2,1,5,1,1,2,1,1,4,1
28,3,4,2,1,3,2,3060,2,48,2,2,4,1,1,1,3,3,2,4,0
66,1,1,3,1,3,2,1480,3,12,4,2,2,3,1,4,0,1,3,4,1
43,2,3,1,1,2,2,1459,4,15,4,2,4,1,1,3,3,3,2,2,1
24,3,3,1,3,2,2,2150,2,30,2,2,4,1,1,4,0,1,2,2,0
37,3,3,1,1,3,2,1819,4,36,2,2,4,1,2,4,6,2,3,4,0
28,2,4,1,1,3,2,6260,2,18,2,2,3,1,1,1,0,3,1,3,1
52,3,3,1,1,3,2,3077,4,12,2,2,2,1,2,3,3,3,2,4,1
47,3,3,1,1,3,2,12612,2,36,2,1,1,2,2,4,6,3,3,4,0
32,2,2,2,1,3,2,4526,4,27,4,1,4,4,2,1,2,2,2,2,1
33,4,2,1,1,2,2,1474,3,12,2,2,4,1,2,2,2,1,2,1,1
32,2,5,2,1,3,1,1231,4,10,4,1,3,1,1,1,0,3,2,4,1
34,2,4,1,1,2,2,1837,2,24,1,2,4,1,1,4,6,1,3,4,0
30,3,5,1,1,3,2,3069,2,24,2,2,4,2,1,4,2,3,3,4,1
31,2,2,2,1,3,2,1928,2,18,4,2,2,1,1,1,2,3,2,2,0
32,3,3,2,1,3,2,1530,4,18,4,2,3,1,1,2,0,1,2,2,0
29,3,4,1,1,4,2,2108,4,6,2,2,2,1,1,1,3,3,1,2,1
23,1,1,1,1,2,2,3758,2,24,2,2,1,3,1,4,3,3,1,4,1
40,4,1,2,1,3,2,7374,2,18,4,2,4,1,2,2,2,2,2,4,1
30,4,1,1,1,3,2,1823,1,24,2,1,4,1,1,3,3,2,2,2,0
40,3,2,2,3,3,2,7824,4,28,1,1,3,5,2,1,1,1,1,4,1
25,3,3,1,1,4,2,1484,2,12,2,2,2,5,2,1,3,3,2,1,0
23,2,4,1,1,4,2,660,4,6,2,2,2,3,1,1,5,3,1,4,1
35,4,5,1,1,3,2,2670,4,24,2,2,4,1,2,3,1,3,2,4,1
48,2,5,1,1,2,2,1240,3,10,2,1,1,2,1,4,0,3,3,4,0
54,3,3,1,1,3,2,3051,1,48,2,2,3,1,1,3,4,3,2,4,0
25,2,2,1,1,2,2,1355,2,24,2,2,3,1,2,3,0,3,2,4,0
22,3,3,1,3,2,1,3632,1,24,1,2,1,1,1,3,1,1,1,4,1
46,3,3,2,1,4,2,2348,1,36,4,2,3,1,2,2,2,3,2,2,1
33,3,3,1,1,1,2,1543,4,6,2,2,4,4,1,1,2,3,2,2,1
42,4,5,4,1,3,2,8086,2,36,3,2,2,2,2,3,0,2,2,4,0
33,3,3,2,1,4,2,1478,4,15,3,2,4,1,1,1,3,1,2,3,1
50,3,3,1,1,3,2,1574,4,12,2,2,4,1,1,1,2,3,2,2,1
34,2,4,1,1,3,2,3844,2,48,0,1,4,2,1,4,9,3,3,4,0
39,3,5,1,3,3,2,2522,1,30,2,1,1,1,1,2,3,3,2,3,1
41,2,5,1,1,4,2,1469,4,24,2,2,4,2,1,1,0,3,1,4,1
36,3,3,2,1,2,2,1028,4,18,4,2,4,1,1,1,0,3,2,3,1
36,2,3,3,1,3,2,4241,2,24,0,2,1,1,2,1,9,3,2,4,0
24,3,4,2,2,2,2,2788,4,15,4,2,2,1,1,3,2,1,2,3,1
29,4,3,1,1,3,2,1901,4,24,2,2,4,2,2,3,3,3,1,4,1
52,4,1,1,1,3,2,6468,2,12,2,2,2,5,2,4,3,3,2,1,0
21,3,3,1,1,2,2,886,4,12,2,2,4,5,1,3,3,3,2,2,1
42,3,5,1,1,3,2,3446,1,36,2,1,4,1,1,3,2,3,2,2,0
57,3,5,2,1,3,2,2225,2,36,3,2,4,1,2,4,0,1,3,4,0
22,2,3,1,1,2,2,806,1,15,2,2,4,1,1,2,9,3,2,4,1
28,4,1,2,1,4,2,5234,2,30,4,2,4,1,1,3,0,3,2,2,0
31,3,4,1,1,2,2,1957,1,6,4,2,1,1,1,3,3,3,2,4,1
38,4,5,2,1,3,2,5711,4,36,4,2,4,4,2,3,1,3,2,2,1
34,3,2,1,1,2,2,1493,4,12,2,1,4,1,1,3,3,3,2,3,1
28,3,3,1,1,2,2,3660,1,24,2,2,2,1,1,3,3,3,2,4,1
52,3,5,2,1,3,2,338,1,6,4,2,4,3,1,3,3,3,2,4,1
27,1,1,1,1,2,2,750,1,18,2,2,4,1,1,1,6,3,2,1,0
46,3,2,1,3,2,2,1845,1,15,2,2,4,1,1,2,2,3,1,1,1
30,4,3,1,1,2,2,5096,2,48,4,2,2,1,2,3,2,3,2,3,0
27,3,4,2,1,3,2,3850,4,18,4,2,3,1,1,3,1,3,2,1,1
37,3,3,1,1,3,2,1225,3,10,2,2,2,1,2,3,4,3,2,2,1
43,3,3,1,1,3,2,2515,4,18,2,2,3,1,2,1,2,3,2,4,1
33,3,3,1,1,4,2,1245,2,18,4,2,4,1,1,3,3,3,2,2,0
53,3,5,1,1,3,2,2835,4,24,2,2,3,3,1,2,2,3,2,4,1
25,3,4,1,1,3,2,1258,4,24,2,2,4,1,2,1,9,3,2,1,1
25,3,3,2,1,2,2,1882,1,18,2,2,4,1,1,3,3,1,1,4,0
27,3,2,2,1,1,2,2820,2,36,4,2,4,1,1,3,0,3,2,4,0
30,4,1,1,1,3,2,3959,1,36,2,2,4,1,2,2,2,3,2,3,1
33,4,5,1,2,3,2,4439,2,18,2,2,1,1,2,1,9,1,2,1,1
26,3,5,1,1,2,2,2812,1,24,2,2,2,5,1,1,1,3,1,4,1
23,3,5,2,1,3,2,4110,1,24,0,1,3,1,1,4,2,1,1,4,0
60,3,5,1,1,3,2,1940,4,24,4,2,4,4,2,1,0,3,2,4,1
34,3,3,1,1,3,2,6527,4,60,2,1,4,5,2,4,0,3,3,4,1
29,3,2,1,1,2,2,683,3,6,3,2,2,1,1,2,3,1,2,1,1
64,2,5,1,1,3,2,3832,4,9,2,2,1,5,1,1,6,3,2,4,1
28,3,5,1,1,1,2,2142,4,11,2,2,1,4,2,1,9,3,2,2,1
32,3,4,1,1,2,2,1285,1,24,2,2,4,5,1,4,0,3,1,4,0
28,3,3,2,1,3,2,6199,1,12,0,2,4,1,2,2,3,3,1,2,0
25,3,4,1,3,2,2,3509,1,18,2,2,4,1,1,1,3,3,2,1,1
33,3,1,1,1,2,2,1131,1,18,2,2,4,1,1,3,2,3,2,2,0
26,3,3,1,1,4,2,1076,4,12,2,2,2,1,2,1,9,3,2,2,1
34,4,3,2,1,3,2,4712,2,24,3,2,4,5,2,2,9,1,2,2,1
38,4,1,1,1,3,2,2859,4,12,2,2,4,5,2,4,0,3,2,4,1
20,3,5,1,1,3,2,1313,4,9,2,2,1,1,1,3,2,3,2,4,1
43,3,4,1,1,1,2,4057,2,24,2,2,3,1,2,3,2,3,2,3,0
34,2,3,2,1,3,2,1743,4,6,3,2,1,2,1,1,9,3,2,2,1
26,3,3,2,1,2,2,2404,4,18,4,2,2,1,1,3,3,3,2,2,1
52,3,5,3,1,3,2,717,4,12,4,2,4,1,1,1,3,3,2,4,1
23,3,2,1,1,2,2,1275,3,10,2,2,4,1,1,2,2,3,2,2,1
38,4,1,1,1,2,2,12976,2,18,2,2,3,1,2,4,1,3,3,4,0
32,3,5,2,1,3,2,1136,2,9,4,1,4,4,1,4,6,3,3,3,0
37,3,5,1,1,2,1,3612,2,18,4,2,3,1,2,2,2,3,2,4,1
27,2,3,2,1,3,2,802,4,14,3,2,4,1,1,3,0,3,2,2,1
47,2,4,2,1,3,2,958,2,12,4,1,2,1,1,1,0,3,2,3,1
46,3,5,1,1,3,2,727,4,10,2,2,4,3,2,4,6,3,3,4,1
35,3,5,1,1,3,2,3386,1,12,2,2,3,1,2,4,1,3,3,4,0
54,4,3,3,1,3,2,4591,4,24,2,2,2,4,2,2,9,3,2,3,0
28,3,3,1,1,2,2,1403,1,15,2,2,2,1,1,3,0,3,1,4,1
22,3,2,1,1,2,2,3650,1,18,2,2,1,1,1,3,2,3,1,4,1
54,4,5,1,1,2,2,3568,4,15,2,2,4,1,2,3,3,1,1,2,1
30,3,4,1,1,3,2,2002,2,12,2,1,3,1,2,2,0,3,1,4,1
46,2,2,2,1,2,2,3594,4,15,3,2,1,1,1,2,1,3,2,2,1
30,3,3,1,1,2,2,8133,4,36,2,2,1,1,1,2,1,1,2,2,1
54,3,5,2,1,3,2,1597,4,24,4,1,4,1,1,4,6,3,3,4,1
56,3,5,1,1,3,2,4796,3,42,4,2,4,1,1,4,1,3,3,4,1
23,3,3,1,1,3,2,3919,3,36,2,2,2,1,2,1,3,3,2,2,1
33,3,2,1,1,3,2,2051,4,18,2,2,4,1,1,1,3,3,2,1,1
30,4,4,1,1,2,2,7174,1,42,2,2,4,5,2,3,3,3,2,3,0
23,3,2,1,1,2,2,1943,4,18,2,2,4,1,1,1,5,3,2,4,0
26,3,2,1,1,4,2,2445,4,12,2,2,2,5,2,3,1,3,1,4,1
27,3,3,2,1,3,2,8613,4,27,3,2,2,4,1,3,1,3,2,2,1
32,3,3,2,1,3,2,2978,4,24,3,1,4,5,2,1,9,3,2,4,1
42,3,5,2,1,3,2,10477,4,36,4,2,2,5,1,4,1,3,3,4,1
35,4,2,2,1,2,2,1393,4,11,4,2,4,1,1,3,0,3,2,4,1
66,2,3,1,1,2,2,790,2,9,2,2,4,3,1,1,3,3,2,3,1
27,3,3,1,1,4,2,1391,2,9,2,2,2,1,2,1,9,1,2,1,1
44,2,4,1,3,2,2,760,2,8,2,2,4,1,1,1,3,3,2,2,1
28,3,3,1,1,3,2,3343,4,15,4,2,4,1,2,4,2,3,3,2,1
28,3,3,1,1,3,2,4169,1,24,2,2,4,1,1,2,2,3,2,4,1
28,3,3,1,1,4,2,2169,4,18,3,2,4,1,2,3,9,3,2,2,0
36,3,5,1,1,3,2,2760,2,24,2,2,4,5,2,4,1,1,3,4,1
31,2,4,1,1,2,2,1736,4,12,2,2,3,1,1,1,2,3,2,4,1
26,2,4,1,1,2,2,3599,1,21,2,2,1,1,1,3,2,3,1,4,1
66,2,3,1,1,3,2,766,2,12,2,2,4,3,1,1,3,3,2,3,0
48,2,5,2,1,3,2,1743,2,24,4,2,4,1,1,2,3,3,2,2,1
26,2,3,1,3,3,2,783,4,6,1,1,1,5,1,1,0,2,2,2,1
44,3,3,1,1,3,2,1553,1,18,1,2,4,1,1,3,2,1,2,3,0
38,3,4,1,1,3,2,947,3,24,2,1,4,1,1,4,0,1,3,3,0
23,3,1,1,1,2,2,2511,1,15,2,2,1,1,1,3,0,3,1,4,1
42,4,5,1,1,3,2,7763,1,48,2,2,4,1,1,4,0,1,3,4,0
29,3,3,2,1,2,2,5003,4,21,0,2,1,5,2,2,0,1,2,4,0
33,2,2,1,1,3,2,2579,1,12,2,1,4,1,1,1,0,3,2,1,0
36,2,5,1,1,2,2,1572,4,21,2,2,4,4,1,1,9,1,2,4,1
32,3,3,2,3,1,2,4583,1,30,0,2,2,1,1,1,2,3,2,2,1
24,2,4,1,3,3,2,1546,1,24,1,2,4,1,1,3,3,1,1,4,0
26,2,2,1,3,4,2,625,2,12,2,2,4,1,1,1,3,1,2,1,1
54,3,2,1,1,3,2,2255,4,24,2,2,4,5,1,2,0,3,2,1,1
34,3,2,1,1,3,2,3965,1,42,2,2,4,1,1,3,3,3,2,3,0
35,3,3,2,1,2,2,1291,4,12,4,2,4,1,1,2,3,3,2,2,1
38,3,4,1,2,3,2,5954,4,30,4,2,3,1,1,3,3,3,2,2,1
31,3,5,1,1,3,2,2746,1,36,1,2,4,1,1,3,2,1,2,4,0
24,3,4,1,1,3,2,9271,1,36,2,2,2,1,2,3,0,3,2,1,0
28,3,5,1,1,3,2,3595,4,36,2,2,4,1,1,3,3,3,2,2,1
48,2,5,2,3,2,2,1795,2,18,4,2,3,1,2,1,3,1,1,4,1
31,3,5,2,1,3,2,3621,4,24,2,2,2,2,1,3,3,3,2,4,0
51,3,5,1,1,3,2,3342,4,36,4,2,4,5,2,3,3,3,2,2,1
36,3,3,2,1,3,2,4041,4,42,4,2,4,3,2,1,2,3,2,4,1
28,2,4,1,3,4,2,484,2,6,2,2,3,1,1,1,3,1,2,3,1
22,3,2,1,1,2,2,1858,1,12,2,2,4,1,1,3,2,3,1,1,1
45,3,5,1,1,3,2,1300,4,15,2,1,4,5,1,4,1,1,3,4,1
63,3,5,2,1,3,2,781,3,10,4,2,4,1,2,4,0,3,3,4,1
39,3,2,1,1,4,2,1473,4,18,2,2,3,1,2,1,3,3,2,4,1
63,3,5,2,1,3,2,2957,1,24,4,2,4,1,2,2,1,3,2,4,1
26,2,3,1,3,2,2,1113,2,18,2,1,4,1,1,1,3,3,2,4,1
23,3,2,2,1,2,2,7127,4,36,4,2,2,1,2,2,2,3,1,4,0
26,4,1,2,1,2,2,10974,4,36,2,2,4,1,2,3,2,3,2,2,0
37,3,5,2,1,2,2,1287,4,24,4,2,4,4,2,1,0,3,2,4,1
36,3,2,1,1,4,2,1913,2,18,2,2,3,4,2,1,9,1,2,3,1
56,3,2,1,1,2,2,1538,4,6,2,2,1,1,1,4,6,3,2,2,1
27,3,4,2,2,3,2,10961,2,48,2,2,1,4,2,4,3,1,2,2,0
23,3,2,1,1,2,2,1216,1,18,2,2,4,1,2,3,0,3,1,3,0
46,3,5,2,1,3,2,1829,4,15,4,2,4,1,2,3,3,3,2,4,1
36,4,1,3,1,3,2,1872,1,6,4,2,4,1,2,4,2,3,3,4,1
50,3,3,1,2,2,2,2671,2,36,2,2,4,2,1,4,3,3,3,4,0
46,3,5,2,2,4,2,2611,4,24,4,2,4,1,1,1,3,3,2,3,1
50,3,5,1,1,3,2,2390,4,12,2,2,4,5,2,3,0,3,2,3,1
75,4,1,2,1,3,2,6615,1,24,4,2,2,1,2,4,1,3,3,4,1
37,2,5,3,1,3,2,1154,2,9,4,2,2,1,1,1,3,3,2,4,1
36,3,3,1,1,3,2,3915,2,27,2,1,4,1,2,3,9,3,2,2,0
25,3,3,1,1,2,2,1371,1,24,2,2,4,5,1,1,0,3,1,4,0
29,3,5,1,1,2,2,915,1,24,2,2,4,5,1,3,0,1,2,2,0
28,3,3,1,1,2,2,2603,4,24,2,2,2,4,2,3,1,3,1,4,1
42,4,1,2,1,3,2,2292,4,12,4,2,4,1,2,3,9,2,2,2,0
51,4,5,2,1,3,2,1164,1,8,4,1,3,1,2,4,10,1,3,4,1
38,2,5,2,1,3,2,1495,4,12,4,1,4,1,1,1,0,3,2,1,1
37,3,3,1,2,3,2,2100,3,18,2,2,4,1,1,1,3,3,2,2,0
27,2,5,2,1,2,2,3643,1,15,3,2,1,1,1,2,2,3,2,4,1
30,4,5,1,1,3,2,12680,4,21,4,2,4,5,2,4,0,3,3,4,0
38,2,3,1,3,3,2,708,1,12,2,1,2,1,1,2,2,3,2,3,1
42,2,4,2,1,3,2,1503,4,4,4,1,2,1,1,1,3,3,2,1,1
40,3,3,1,1,4,2,1386,4,15,2,2,4,5,2,1,3,3,1,2,1
37,3,3,1,1,3,2,2279,4,12,2,2,4,5,2,4,3,3,3,4,1
30,3,2,2,1,2,2,8358,2,48,0,2,1,3,1,3,0,3,2,1,1
29,2,2,1,1,3,2,2333,2,24,3,2,4,5,1,2,2,1,2,2,1
41,2,5,2,1,2,2,1244,4,9,4,2,4,5,1,2,6,3,1,4,1
25,3,5,1,1,2,2,1206,2,9,2,2,4,1,1,1,3,3,2,4,1
32,3,2,1,1,2,2,4611,4,6,2,2,1,1,1,2,2,3,2,4,0
28,3,3,1,1,3,2,2659,1,18,2,2,4,4,1,3,2,3,2,2,1
24,3,4,1,1,3,2,2030,2,9,2,2,2,5,2,3,2,3,2,1,1
51,3,4,2,1,2,2,682,4,12,4,2,4,2,2,3,0,3,2,3,1
22,3,2,1,1,3,2,1331,2,12,2,2,2,1,1,3,3,3,2,1,0
39,4,5,1,1,3,2,1884,4,12,2,2,4,1,2,3,0,3,2,4,1
63,3,5,2,1,3,2,6836,1,60,3,2,3,1,2,4,9,3,2,4,0
47,4,1,1,1,3,2,1209,2,6,3,2,4,1,2,2,0,3,2,4,0
40,3,5,2,1,3,2,3077,4,30,4,1,3,5,2,3,3,3,2,2,1
50,2,3,1,1,2,2,1047,3,6,4,2,2,1,1,2,6,3,2,4,1
23,3,4,2,1,2,2,996,4,12,4,2,4,5,1,1,5,3,2,4,1
26,3,4,1,1,4,2,1311,4,24,2,2,4,2,2,2,3,3,2,3,1
53,3,2,1,1,2,2,795,1,12,2,2,4,1,1,2,6,3,2,4,0
74,1,3,3,1,3,1,1299,3,6,4,1,1,1,1,1,0,3,2,1,1
31,2,3,1,1,3,2,1410,2,12,0,2,2,1,2,1,8,3,2,2,1
26,3,3,2,1,4,1,2069,4,10,4,2,2,5,1,3,2,3,2,1,1
37,2,2,1,3,3,2,3949,3,10,2,1,1,1,1,2,0,3,2,1,1
39,3,5,2,1,2,2,860,1,6,4,2,1,1,2,4,0,3,2,4,1
36,4,5,1,1,3,2,3275,4,21,4,2,1,1,2,3,1,3,2,4,1
34,4,1,1,1,2,2,2064,2,24,3,2,3,1,2,2,2,3,2,2,0
37,3,4,2,1,3,2,3535,4,36,4,2,4,1,2,3,0,3,2,4,1
22,3,2,1,1,4,2,2039,2,24,2,2,1,1,2,2,3,3,2,1,0
30,4,2,2,1,3,2,1919,2,30,3,2,4,2,1,4,3,2,2,3,0
31,3,3,1,1,3,2,3378,4,18,2,2,2,5,2,2,1,3,2,1,1
33,3,3,2,1,2,2,1927,4,24,4,2,3,5,2,3,6,3,2,2,1
31,3,3,1,1,1,2,2302,1,36,2,2,4,1,1,3,3,3,1,4,0
23,3,3,2,1,2,2,4281,1,33,4,2,1,3,1,3,2,3,2,4,0
25,2,3,2,1,3,2,1138,1,9,4,2,4,1,1,1,3,3,2,4,1
23,2,2,2,2,2,2,6229,1,36,4,2,4,1,2,4,2,3,1,4,0
38,3,3,1,1,3,1,1924,4,10,2,2,1,1,2,2,3,3,2,4,1
45,2,2,1,1,2,2,3049,3,18,2,2,1,1,1,2,2,2,2,1,1
35,3,4,1,1,3,2,2141,4,12,2,2,3,2,1,4,3,3,2,1,1
41,4,5,1,1,3,2,6313,4,24,2,1,3,5,2,3,1,3,2,4,1
31,4,1,1,1,3,2,7582,2,48,3,2,2,2,2,4,10,3,2,4,1
42,3,5,2,1,3,2,2427,2,18,3,2,4,5,1,2,9,3,2,2,1
58,3,2,1,1,3,2,15945,2,54,0,2,3,1,2,4,9,3,1,4,0
25,3,3,1,1,3,2,1262,4,12,2,2,3,1,1,3,3,3,2,2,1
28,3,3,1,1,4,2,1413,4,24,2,2,4,1,1,2,3,3,2,2,1
47,3,5,1,1,3,2,3578,4,48,4,2,4,5,2,1,3,3,2,1,1
24,3,3,1,1,4,2,2080,4,6,4,2,1,3,1,3,0,3,2,2,1
45,2,5,1,1,4,2,339,1,12,1,2,4,1,1,3,8,1,2,1,1
24,3,2,1,1,2,2,4308,1,48,2,2,3,1,1,2,9,3,1,4,0
30,3,5,2,1,4,2,1602,1,21,4,2,4,1,2,3,0,3,2,3,1
49,3,5,1,2,3,2,2331,4,12,4,2,1,5,2,1,3,3,2,4,1
30,3,4,2,1,2,2,960,4,15,3,2,3,4,1,2,2,3,2,2,1
23,2,2,1,1,2,2,3234,1,24,2,2,4,1,2,1,2,3,1,4,0
32,4,3,1,1,3,2,1505,4,18,2,2,4,1,2,4,3,3,3,2,1
24,3,2,1,1,2,2,1207,1,24,2,2,4,1,1,2,0,3,1,4,0
